,bottom_label,category_breadcrumb,category_id,category_name,childs,condition,count_review,courier_count,department_id,department_name,discount_expired,discount_percentage,discount_start,free_ongkir.img_url,free_ongkir.is_active,id,is_featured,is_preorder,min_order,name,original_price,parent_id,price,price_int,price_range,rating,shop.city,shop.id,shop.is_gold,shop.is_official,shop.is_power_badge,shop.location,shop.name,shop.reputation,shop.url,sku,status,stock,top_label,url,warehouse_id_default,get_date,keyword
0,,kesehatan/vitamin-multivitamin/vitamin-nutrisi,715,Kesehatan,,1,78,6,469,Vitamin & Nutrisi,,0,,,False,554164452,0,False,1,Blackmores Executive B Stress Formula BPOM Kalbe - 30 Tablet,,0,Rp 115.000,115000,,5,Jakarta Utara,612382,True,False,True,Jakarta Utara,Bos Vitamin,https://inbox.tokopedia.com/reputation/v1/badge/shop/612382,https://www.tokopedia.com/bosvitamin,,1,9984,,https://www.tokopedia.com/bosvitamin/blackmores-executive-b-stress-formula-bpom-kalbe-30-tablet?trkid=f%3DCa0000L000P0W0S0Sh%2CCo0Po0Fr0Cb0_src%3Drecent_page%3D1_ob%3D23_q%3DBlackmores+Executive+B+%2830%29_po%3D1_catid%3D469&whid=0,0,2020-05-22,Blackmores Executive B (30)
1,['Gratis Ongkir'],kesehatan/vitamin-multivitamin/vitamin-b,715,Kesehatan,,1,316,2,2510,Vitamin B,,0,,,False,606370529,0,False,1,BLACKMORES EXECUTIVE B VITAMIN KONDISI STRESS FORMULA KALBE 30 TABLET,,0,Rp 220.000,220000,,5,Jakarta Barat,4694435,False,False,False,Jakarta Barat,DAILY PROMOTION,https://inbox.tokopedia.com/reputation/v1/badge/shop/4694435,https://www.tokopedia.com/dailypromotion,,1,99999,,https://www.tokopedia.com/dailypromotion/blackmores-executive-b-vitamin-kondisi-stress-formula-kalbe-30-tablet?trkid=f%3DCa0000L000P0W0S0Sh%2CCo0Po0Fr0Cb0_src%3Drecent_page%3D1_ob%3D23_q%3DBlackmores+Executive+B+%2830%29_po%3D2_catid%3D2510&whid=0,0,2020-05-22,Blackmores Executive B (30)
2,,kesehatan/vitamin-multivitamin/vitamin-nutrisi,715,Kesehatan,,1,1,2,469,Vitamin & Nutrisi,,0,,,False,580035038,0,False,1,blackmores executive b stress formula 30 caps BPOM kalbe,,0,Rp 155.000,155000,,5,Jakarta Utara,910866,True,False,True,Jakarta Utara,Hulk Supplement,https://inbox.tokopedia.com/reputation/v1/badge/shop/910866,https://www.tokopedia.com/hulksupplement,,1,9986,,https://www.tokopedia.com/hulksupplement/blackmores-executive-b-stress-formula-30-caps-bpom-kalbe?trkid=f%3DCa0000L000P0W0S0Sh%2CCo0Po0Fr0Cb0_src%3Drecent_page%3D1_ob%3D23_q%3DBlackmores+Executive+B+%2830%29_po%3D3_catid%3D469&whid=0,0,2020-05-22,Blackmores Executive B (30)
3,,kesehatan/vitamin-multivitamin/vitamin-nutrisi,715,Kesehatan,,1,2,5,469,Vitamin & Nutrisi,,0,,,False,728864937,0,False,1,Blackmores Executive B Stress formula 30 tablet,,0,Rp 132.000,132000,,5,Kab. Sidoarjo,371179,True,False,True,Kab. Sidoarjo,UD. Jodi Akbar,https://inbox.tokopedia.com/reputation/v1/badge/shop/371179,https://www.tokopedia.com/ud-jodiakbar,,1,14,,https://www.tokopedia.com/ud-jodiakbar/blackmores-executive-b-stress-formula-30-tablet?trkid=f%3DCa0000L000P0W0S0Sh%2CCo0Po0Fr0Cb0_src%3Drecent_page%3D1_ob%3D23_q%3DBlackmores+Executive+B+%2830%29_po%3D4_catid%3D469&whid=0,0,2020-05-22,Blackmores Executive B (30)
4,,kesehatan/vitamin-multivitamin/sistem-kekebalan-tubuh,715,Kesehatan,,1,1,4,726,Vitamin Daya Tahan Tubuh,,0,,,False,599264812,0,False,1,Blackmores Executive B isi 30 tablet,,0,Rp 155.000,155000,,5,Surakarta,2717508,True,False,True,Surakarta,eveana,https://inbox.tokopedia.com/reputation/v1/badge/shop/2717508,https://www.tokopedia.com/eveana,,1,1,,https://www.tokopedia.com/eveana/blackmores-executive-b-isi-30-tablet?trkid=f%3DCa0000L000P0W0S0Sh%2CCo0Po0Fr0Cb0_src%3Drecent_page%3D1_ob%3D23_q%3DBlackmores+Executive+B+%2830%29_po%3D5_catid%3D726&whid=0,0,2020-05-22,Blackmores Executive B (30)
5,,kesehatan/vitamin-multivitamin/vitamin-nutrisi,715,Kesehatan,,1,1,4,469,Vitamin & Nutrisi,,0,,,False,560382440,0,False,1,Blackmores Executive B 30 tab,,0,Rp 122.600,122600,,5,Kab. Purworejo,6814033,True,False,True,Kab. Purworejo,HelloBabyMart,https://inbox.tokopedia.com/reputation/v1/badge/shop/6814033,https://www.tokopedia.com/hellobabymart,BLACKMORES-93554442,1,100,,https://www.tokopedia.com/hellobabymart/blackmores-executive-b-30-tab?trkid=f%3DCa0000L000P0W0S0Sh%2CCo0Po0Fr0Cb0_src%3Drecent_page%3D1_ob%3D23_q%3DBlackmores+Executive+B+%2830%29_po%3D6_catid%3D469&whid=0,0,2020-05-22,Blackmores Executive B (30)
6,,kesehatan/vitamin-multivitamin/vitamin-nutrisi,715,Kesehatan,,1,0,3,469,Vitamin & Nutrisi,,0,,,False,514022503,0,False,1,BLACKMORES EXECUTIVE B TAB ISI 30,,0,Rp 116.300,116300,,0,Semarang,5007999,True,False,True,Semarang,GROSIR ALKES SUPLEMEN,https://inbox.tokopedia.com/reputation/v1/badge/shop/5007999,https://www.tokopedia.com/sarikasehat,12090053,1,3,,https://www.tokopedia.com/sarikasehat/blackmores-executive-b-tab-isi-30?trkid=f%3DCa0000L000P0W0S0Sh%2CCo0Po0Fr0Cb0_src%3Drecent_page%3D1_ob%3D23_q%3DBlackmores+Executive+B+%2830%29_po%3D7_catid%3D469&whid=0,0,2020-05-22,Blackmores Executive B (30)
7,,kesehatan/vitamin-multivitamin/vitamin-nutrisi,715,Kesehatan,,1,5,10,469,Vitamin & Nutrisi,,0,,,False,507339303,0,False,1,Blackmores Executive B isi 30 Tablet,,0,Rp 169.000,169000,,5,Tangerang,3922672,False,False,False,Tangerang,selermuqom,https://inbox.tokopedia.com/reputation/v1/badge/shop/3922672,https://www.tokopedia.com/muqom,,1,1,,https://www.tokopedia.com/muqom/blackmores-executive-b-isi-30-tablet?trkid=f%3DCa0000L000P0W0S0Sh%2CCo0Po0Fr0Cb0_src%3Drecent_page%3D1_ob%3D23_q%3DBlackmores+Executive+B+%2830%29_po%3D8_catid%3D469&whid=0,0,2020-05-22,Blackmores Executive B (30)
8,,kesehatan/vitamin-multivitamin/sistem-kekebalan-tubuh,715,Kesehatan,,1,0,5,726,Vitamin Daya Tahan Tubuh,,0,,,False,615433846,0,False,1,IPROMO TOKO BARUI BLACKMORES EXECUTIVE B (30),,0,Rp 116.000,116000,,0,Kab. Sleman,2433204,True,False,True,Kab. Sleman,Biblio Store,https://inbox.tokopedia.com/reputation/v1/badge/shop/2433204,https://www.tokopedia.com/biblio,7000596278,1,4,,https://www.tokopedia.com/biblio/ipromo-toko-barui-blackmores-executive-b-30?trkid=f%3DCa0000L000P0W0S0Sh%2CCo0Po0Fr0Cb0_src%3Drecent_page%3D1_ob%3D23_q%3DBlackmores+Executive+B+%2830%29_po%3D9_catid%3D726&whid=0,0,2020-05-22,Blackmores Executive B (30)
9,['Cashback'],kesehatan/vitamin-multivitamin/vitamin-nutrisi,715,Kesehatan,,1,1,10,469,Vitamin & Nutrisi,,0,,,False,845062168,0,False,1,Blackmores Executive B Isi 30 Tablet - Meringankan Stress dan Insomnia,,0,Rp 115.000,115000,,5,Jakarta Pusat,246424,True,False,True,Jakarta Pusat,moermer,https://inbox.tokopedia.com/reputation/v1/badge/shop/246424,https://www.tokopedia.com/moermer,suplemen037,1,10,,https://www.tokopedia.com/moermer/blackmores-executive-b-isi-30-tablet-meringankan-stress-dan-insomnia?trkid=f%3DCa0000L000P0W0S0Sh%2CCo0Po0Fr0Cb0_src%3Drecent_page%3D1_ob%3D23_q%3DBlackmores+Executive+B+%2830%29_po%3D10_catid%3D469&whid=0,0,2020-05-22,Blackmores Executive B (30)
10,['Cashback'],kesehatan/vitamin-multivitamin/sistem-kekebalan-tubuh,715,Kesehatan,,1,0,7,726,Vitamin Daya Tahan Tubuh,,0,,,False,729090081,0,False,1,"Blackmores Executive B 30 tablet (Vitamin B, C & E)",,0,Rp 179.500,179500,,0,Denpasar,4938298,True,False,True,Denpasar,Labotanica Bali,https://inbox.tokopedia.com/reputation/v1/badge/shop/4938298,https://www.tokopedia.com/labotanicabali,,1,9,,https://www.tokopedia.com/labotanicabali/blackmores-executive-b-30-tablet-vitamin-b-c-e?trkid=f%3DCa0000L000P0W0S0Sh%2CCo0Po0Fr0Cb0_src%3Drecent_page%3D1_ob%3D23_q%3DBlackmores+Executive+B+%2830%29_po%3D11_catid%3D726&whid=0,0,2020-05-22,Blackmores Executive B (30)
11,,kesehatan/vitamin-multivitamin/vitamin-nutrisi,715,Kesehatan,,1,1,7,469,Vitamin & Nutrisi,,0,,,False,577423413,0,False,1,Blackmores executive b isi 30 anti stress bpom,,0,Rp 135.000,135000,,5,Pekanbaru,2225239,True,False,True,Pekanbaru,fitforlife,https://inbox.tokopedia.com/reputation/v1/badge/shop/2225239,https://www.tokopedia.com/fitforlifeidn,,1,23,,https://www.tokopedia.com/fitforlifeidn/blackmores-executive-b-isi-30-anti-stress-bpom?trkid=f%3DCa0000L000P0W0S0Sh%2CCo0Po0Fr0Cb0_src%3Drecent_page%3D1_ob%3D23_q%3DBlackmores+Executive+B+%2830%29_po%3D12_catid%3D469&whid=0,0,2020-05-22,Blackmores Executive B (30)
12,,kesehatan/vitamin-multivitamin/vitamin-nutrisi,715,Kesehatan,,1,0,7,469,Vitamin & Nutrisi,,0,,,False,797623898,0,False,1,BLACKMORES EXECUTIVE B 30 ( VIT.C 250 + B COMPLEX),,0,Rp 140.000,140000,,0,Jakarta Selatan,8209117,True,False,True,Jakarta Selatan,vitaminqoeh,https://inbox.tokopedia.com/reputation/v1/badge/shop/8209117,https://www.tokopedia.com/vitaminqoeh,,1,10,,https://www.tokopedia.com/vitaminqoeh/blackmores-executive-b-30-vit-c-250-b-complex?trkid=f%3DCa0000L000P0W0S0Sh%2CCo0Po0Fr0Cb0_src%3Drecent_page%3D1_ob%3D23_q%3DBlackmores+Executive+B+%2830%29_po%3D13_catid%3D469&whid=0,0,2020-05-22,Blackmores Executive B (30)
13,,kesehatan/vitamin-multivitamin/vitamin-b,715,Kesehatan,,1,0,1,2510,Vitamin B,,0,,,False,662652407,0,False,1,Blackmores Executive B Stress Formula BPOM Kalbe 30 Tablet,,0,Rp 149.000,149000,,0,Jakarta Barat,6357132,True,False,True,Jakarta Barat,Wellness Supplemen,https://inbox.tokopedia.com/reputation/v1/badge/shop/6357132,https://www.tokopedia.com/wellness-1,,1,15,,https://www.tokopedia.com/wellness-1/blackmores-executive-b-stress-formula-bpom-kalbe-30-tablet?trkid=f%3DCa0000L000P0W0S0Sh%2CCo0Po0Fr0Cb0_src%3Drecent_page%3D1_ob%3D23_q%3DBlackmores+Executive+B+%2830%29_po%3D14_catid%3D2510&whid=0,0,2020-05-22,Blackmores Executive B (30)
14,,kesehatan/vitamin-multivitamin/vitamin-nutrisi,715,Kesehatan,,1,0,4,469,Vitamin & Nutrisi,,0,,,False,794735914,0,False,1,Blackmores Executive B Stress Formula BPOM Kalbe 30 Tablet,,0,Rp 135.000,135000,,0,Surabaya,6148058,True,False,True,Surabaya,Maluku HerbaVit,https://inbox.tokopedia.com/reputation/v1/badge/shop/6148058,https://www.tokopedia.com/malukuherbal,,1,1,,https://www.tokopedia.com/malukuherbal/blackmores-executive-b-stress-formula-bpom-kalbe-30-tablet?trkid=f%3DCa0000L000P0W0S0Sh%2CCo0Po0Fr0Cb0_src%3Drecent_page%3D1_ob%3D23_q%3DBlackmores+Executive+B+%2830%29_po%3D15_catid%3D469&whid=0,0,2020-05-22,Blackmores Executive B (30)
15,,kesehatan/vitamin-multivitamin/vitamin-nutrisi,715,Kesehatan,,1,0,4,469,Vitamin & Nutrisi,,0,,,False,816456686,0,False,1,Blackmores Executive B (30),,0,Rp 145.000,145000,,0,Jakarta Timur,2878989,True,False,True,Jakarta Timur,Melayang Store,https://inbox.tokopedia.com/reputation/v1/badge/shop/2878989,https://www.tokopedia.com/melayangstore,,1,2,,https://www.tokopedia.com/melayangstore/blackmores-executive-b-30?trkid=f%3DCa0000L000P0W0S0Sh%2CCo0Po0Fr0Cb0_src%3Drecent_page%3D1_ob%3D23_q%3DBlackmores+Executive+B+%2830%29_po%3D16_catid%3D469&whid=0,0,2020-05-22,Blackmores Executive B (30)
16,,kesehatan/vitamin-multivitamin/vitamin-nutrisi,715,Kesehatan,,1,0,5,469,Vitamin & Nutrisi,,0,,,False,822047071,0,False,1,Blackmores Executive B Stress Formula BPOM Kalbe - 30 Tablet,,0,Rp 132.500,132500,,0,Kab. Tangerang,155676,True,False,True,Kab. Tangerang,HB Vinfeli,https://inbox.tokopedia.com/reputation/v1/badge/shop/155676,https://www.tokopedia.com/kevin1010,,1,100,,https://www.tokopedia.com/kevin1010/blackmores-executive-b-stress-formula-bpom-kalbe-30-tablet?trkid=f%3DCa0000L000P0W0S0Sh%2CCo0Po0Fr0Cb0_src%3Drecent_page%3D1_ob%3D23_q%3DBlackmores+Executive+B+%2830%29_po%3D17_catid%3D469&whid=0,0,2020-05-22,Blackmores Executive B (30)
17,,kesehatan/vitamin-multivitamin/sistem-kekebalan-tubuh,715,Kesehatan,,1,1,4,726,Vitamin Daya Tahan Tubuh,,0,,,False,468219863,0,False,1,Blackmores Executive B (30),,0,Rp 135.000,135000,,5,Tangerang Selatan,3374842,True,False,True,Tangerang Selatan,shopamedic,https://inbox.tokopedia.com/reputation/v1/badge/shop/3374842,https://www.tokopedia.com/shopamedic,,1,20,,https://www.tokopedia.com/shopamedic/blackmores-executive-b-30?trkid=f%3DCa0000L000P0W0S0Sh%2CCo0Po0Fr0Cb0_src%3Drecent_page%3D1_ob%3D23_q%3DBlackmores+Executive+B+%2830%29_po%3D18_catid%3D726&whid=0,0,2020-05-22,Blackmores Executive B (30)
18,,kesehatan/vitamin-multivitamin/vitamin-nutrisi,715,Kesehatan,,1,0,8,469,Vitamin & Nutrisi,,0,,,False,417552085,0,False,1,BLACKMORES EXECUTIVE B 30 KAPSUL,,0,Rp 750.000,750000,,0,Medan,5516142,True,False,True,Medan,AstriTokoGua,https://inbox.tokopedia.com/reputation/v1/badge/shop/5516142,https://www.tokopedia.com/astritokogua,,1,32767,,https://www.tokopedia.com/astritokogua/blackmores-executive-b-30-kapsul?trkid=f%3DCa0000L000P0W0S0Sh%2CCo0Po0Fr0Cb0_src%3Drecent_page%3D1_ob%3D23_q%3DBlackmores+Executive+B+%2830%29_po%3D19_catid%3D469&whid=0,0,2020-05-22,Blackmores Executive B (30)
19,,kesehatan/vitamin-multivitamin/vitamin-nutrisi,715,Kesehatan,,1,0,2,469,Vitamin & Nutrisi,,0,,,False,810769497,0,False,1,BLACKMORES EXECUTIVE B 30 TABLET,,0,Rp 150.000,150000,,0,Samarinda,2129042,True,False,True,Samarinda,Tododo Baby Shop Online,https://inbox.tokopedia.com/reputation/v1/badge/shop/2129042,https://www.tokopedia.com/tododo-babyshop,93554442,1,5,,https://www.tokopedia.com/tododo-babyshop/blackmores-executive-b-30-tablet?trkid=f%3DCa0000L000P0W0S0Sh%2CCo0Po0Fr0Cb0_src%3Drecent_page%3D1_ob%3D23_q%3DBlackmores+Executive+B+%2830%29_po%3D20_catid%3D469&whid=0,0,2020-05-22,Blackmores Executive B (30)
20,['Gratis Ongkir'],kesehatan/vitamin-multivitamin/vitamin-b,715,Kesehatan,,1,0,2,2510,Vitamin B,,0,,,False,637946566,0,False,1,BLACKMORES EXECUTIVE B VITAMIN KONDISI STRESS FORMULA KALBE 30 TABLET,,0,Rp 217.000,217000,,0,Jakarta Selatan,4514597,True,False,True,Jakarta Selatan,403,https://inbox.tokopedia.com/reputation/v1/badge/shop/4514597,https://www.tokopedia.com/403s,,1,999,,https://www.tokopedia.com/403s/blackmores-executive-b-vitamin-kondisi-stress-formula-kalbe-30-tablet?trkid=f%3DCa0000L000P0W0S0Sh%2CCo0Po0Fr0Cb0_src%3Drecent_page%3D1_ob%3D23_q%3DBlackmores+Executive+B+%2830%29_po%3D21_catid%3D2510&whid=0,0,2020-05-22,Blackmores Executive B (30)
21,,kesehatan/vitamin-multivitamin/vitamin-nutrisi,715,Kesehatan,,1,0,6,469,Vitamin & Nutrisi,,0,,,False,816035555,0,False,1,Blackmores Executive B (isi 30 tablet) Expired 2021,,0,Rp 180.000,180000,,0,Surabaya,6542711,True,False,True,Surabaya,Helloworld97,https://inbox.tokopedia.com/reputation/v1/badge/shop/6542711,https://www.tokopedia.com/helloworld97,,1,2,,https://www.tokopedia.com/helloworld97/blackmores-executive-b-isi-30-tablet-expired-2021?trkid=f%3DCa0000L000P0W0S0Sh%2CCo0Po0Fr0Cb0_src%3Drecent_page%3D1_ob%3D23_q%3DBlackmores+Executive+B+%2830%29_po%3D22_catid%3D469&whid=0,0,2020-05-22,Blackmores Executive B (30)
22,,kesehatan/vitamin-multivitamin/vitamin-b,715,Kesehatan,,1,0,4,2510,Vitamin B,,0,,,False,403826722,0,False,1,Blackmores Executive B Stress Formula BPOM Kalbe - 30 Tablet vitamin b,,0,Rp 145.000,145000,,0,Jakarta Barat,2455230,True,False,True,Jakarta Barat,WellyPlatinum,https://inbox.tokopedia.com/reputation/v1/badge/shop/2455230,https://www.tokopedia.com/wellyplatinum,,1,11,,https://www.tokopedia.com/wellyplatinum/blackmores-executive-b-stress-formula-bpom-kalbe-30-tablet-vitamin-b?trkid=f%3DCa0000L000P0W0S0Sh%2CCo0Po0Fr0Cb0_src%3Drecent_page%3D1_ob%3D23_q%3DBlackmores+Executive+B+%2830%29_po%3D23_catid%3D2510&whid=0,0,2020-05-22,Blackmores Executive B (30)
23,,kesehatan/vitamin-multivitamin/vitamin-nutrisi,715,Kesehatan,,1,0,5,469,Vitamin & Nutrisi,,0,,,False,828404501,0,False,1,Blackmores Executive B 30'S,,0,Rp 141.000,141000,,0,Kab. Bogor,8158082,True,False,True,Kab. Bogor,aprsty0shop,https://inbox.tokopedia.com/reputation/v1/badge/shop/8158082,https://www.tokopedia.com/aprsty0shop,,1,3,,https://www.tokopedia.com/aprsty0shop/blackmores-executive-b-30-s?trkid=f%3DCa0000L000P0W0S0Sh%2CCo0Po0Fr0Cb0_src%3Drecent_page%3D1_ob%3D23_q%3DBlackmores+Executive+B+%2830%29_po%3D24_catid%3D469&whid=0,0,2020-05-22,Blackmores Executive B (30)
24,,kesehatan/vitamin-multivitamin/vitamin-nutrisi,715,Kesehatan,,1,0,6,469,Vitamin & Nutrisi,,0,,,False,774151169,0,False,1,Blackmores Executive B (30),,0,Rp 275.000,275000,,0,Bekasi,8136888,True,False,True,Bekasi,KFA Store.id,https://inbox.tokopedia.com/reputation/v1/badge/shop/8136888,https://www.tokopedia.com/kfastoreid,,1,5,,https://www.tokopedia.com/kfastoreid/blackmores-executive-b-30?trkid=f%3DCa0000L000P0W0S0Sh%2CCo0Po0Fr0Cb0_src%3Drecent_page%3D1_ob%3D23_q%3DBlackmores+Executive+B+%2830%29_po%3D25_catid%3D469&whid=0,0,2020-05-22,Blackmores Executive B (30)
25,,kesehatan/vitamin-multivitamin/vitamin-nutrisi,715,Kesehatan,,1,0,5,469,Vitamin & Nutrisi,,0,,,False,782523504,0,False,1,Blackmores Executive B Stress Formula -30 Tablet Kalbe,,0,Rp 235.000,235000,,0,Jakarta Barat,7061092,True,False,True,Jakarta Barat,HAWE179,https://inbox.tokopedia.com/reputation/v1/badge/shop/7061092,https://www.tokopedia.com/hawe179,,1,15,,https://www.tokopedia.com/hawe179/blackmores-executive-b-stress-formula-30-tablet-kalbe?trkid=f%3DCa0000L000P0W0S0Sh%2CCo0Po0Fr0Cb0_src%3Drecent_page%3D1_ob%3D23_q%3DBlackmores+Executive+B+%2830%29_po%3D26_catid%3D469&whid=0,0,2020-05-22,Blackmores Executive B (30)
26,,kesehatan/vitamin-multivitamin/vitamin-nutrisi,715,Kesehatan,,1,0,5,469,Vitamin & Nutrisi,,0,,,False,832143011,0,False,1,Denusa Store - Blackmores Executive B - 30 Tablet - Vitamin B,,0,Rp 155.000,155000,,0,Medan,2055552,True,False,True,Medan,Denusa Store,https://inbox.tokopedia.com/reputation/v1/badge/shop/2055552,https://www.tokopedia.com/denusastore,DS-PKS0061,1,5,,https://www.tokopedia.com/denusastore/denusa-store-blackmores-executive-b-30-tablet-vitamin-b?trkid=f%3DCa0000L000P0W0S0Sh%2CCo0Po0Fr0Cb0_src%3Drecent_page%3D1_ob%3D23_q%3DBlackmores+Executive+B+%2830%29_po%3D27_catid%3D469&whid=0,0,2020-05-22,Blackmores Executive B (30)
27,,kesehatan/vitamin-multivitamin/vitamin-nutrisi,715,Kesehatan,,1,0,3,469,Vitamin & Nutrisi,,0,,,False,730530116,0,False,1,BLACKMORES EXECUTIVE B 30 tablet,,0,Rp 124.000,124000,,0,Kab. Simalungun,3079769,True,False,True,Kab. Simalungun,simalungun online,https://inbox.tokopedia.com/reputation/v1/badge/shop/3079769,https://www.tokopedia.com/simalungunonline,BM004,1,6,,https://www.tokopedia.com/simalungunonline/blackmores-executive-b-30-tablet?trkid=f%3DCa0000L000P0W0S0Sh%2CCo0Po0Fr0Cb0_src%3Drecent_page%3D1_ob%3D23_q%3DBlackmores+Executive+B+%2830%29_po%3D28_catid%3D469&whid=0,0,2020-05-22,Blackmores Executive B (30)
28,['Cashback'],kesehatan/vitamin-multivitamin/vitamin-nutrisi,715,Kesehatan,,1,0,2,469,Vitamin & Nutrisi,,0,,,False,796499638,0,False,1,"BLACKMORES EXECUTIVE B, B VITAMINS + MAGNESIUM & ZINC 30 TABLET",,0,Rp 129.500,129500,,0,Jambi,4310792,True,False,True,Jambi,To. Manjur,https://inbox.tokopedia.com/reputation/v1/badge/shop/4310792,https://www.tokopedia.com/tomanjur,,1,5,,https://www.tokopedia.com/tomanjur/blackmores-executive-b-b-vitamins-magnesium-zinc-30-tablet?trkid=f%3DCa0000L000P0W0S0Sh%2CCo0Po0Fr0Cb0_src%3Drecent_page%3D1_ob%3D23_q%3DBlackmores+Executive+B+%2830%29_po%3D29_catid%3D469&whid=0,0,2020-05-22,Blackmores Executive B (30)
29,,kesehatan/vitamin-multivitamin/vitamin-c,715,Kesehatan,,1,0,4,2511,Vitamin C,,0,,,False,845517447,0,False,1,BLACKMORES EXECUTIVE B VITAMIN KONDISI STRESS FORMULA KALBE 30 TABLET,,0,Rp 221.900,221900,,0,Depok,8264295,True,False,True,Depok,Ria Fazar,https://inbox.tokopedia.com/reputation/v1/badge/shop/8264295,https://www.tokopedia.com/riafazar,,1,33,,https://www.tokopedia.com/riafazar/blackmores-executive-b-vitamin-kondisi-stress-formula-kalbe-30-tablet?trkid=f%3DCa0000L000P0W0S0Sh%2CCo0Po0Fr0Cb0_src%3Drecent_page%3D1_ob%3D23_q%3DBlackmores+Executive+B+%2830%29_po%3D30_catid%3D2511&whid=0,0,2020-05-22,Blackmores Executive B (30)
30,,kesehatan/vitamin-multivitamin/vitamin-nutrisi,715,Kesehatan,,1,0,1,469,Vitamin & Nutrisi,,0,,,False,842441283,0,False,1,Blackmores Executive B Stress Formula BPOM Kalbe - 30 Tablet,,0,Rp 145.000,145000,,0,Jakarta Timur,6087169,True,False,True,Jakarta Timur,snap in,https://inbox.tokopedia.com/reputation/v1/badge/shop/6087169,https://www.tokopedia.com/snapin,,1,100,,https://www.tokopedia.com/snapin/blackmores-executive-b-stress-formula-bpom-kalbe-30-tablet?trkid=f%3DCa0000L000P0W0S0Sh%2CCo0Po0Fr0Cb0_src%3Drecent_page%3D1_ob%3D23_q%3DBlackmores+Executive+B+%2830%29_po%3D31_catid%3D469&whid=0,0,2020-05-22,Blackmores Executive B (30)
31,,kesehatan/vitamin-multivitamin/vitamin-nutrisi,715,Kesehatan,,1,0,2,469,Vitamin & Nutrisi,,0,,,False,790232127,0,False,1,Blackmores Executive B (30),,0,Rp 150.000,150000,,0,Jakarta Timur,8288502,True,False,True,Jakarta Timur,Pauw Storepedia,https://inbox.tokopedia.com/reputation/v1/badge/shop/8288502,https://www.tokopedia.com/pauwstorepedia,,1,10,,https://www.tokopedia.com/pauwstorepedia/blackmores-executive-b-30?trkid=f%3DCa0000L000P0W0S0Sh%2CCo0Po0Fr0Cb0_src%3Drecent_page%3D1_ob%3D23_q%3DBlackmores+Executive+B+%2830%29_po%3D32_catid%3D469&whid=0,0,2020-05-22,Blackmores Executive B (30)
32,,kesehatan/vitamin-multivitamin/vitamin-nutrisi,715,Kesehatan,,1,0,4,469,Vitamin & Nutrisi,,0,,,False,803648567,0,False,1,Blackmores Executive B Stress Formula BPOM Kalbe 30 Tablet,,0,Rp 145.000,145000,,0,Surabaya,2283539,True,False,True,Surabaya,Herbal Vitamin,https://inbox.tokopedia.com/reputation/v1/badge/shop/2283539,https://www.tokopedia.com/herbalvitamins1,,1,2,,https://www.tokopedia.com/herbalvitamins1/blackmores-executive-b-stress-formula-bpom-kalbe-30-tablet?trkid=f%3DCa0000L000P0W0S0Sh%2CCo0Po0Fr0Cb0_src%3Drecent_page%3D1_ob%3D23_q%3DBlackmores+Executive+B+%2830%29_po%3D33_catid%3D469&whid=0,0,2020-05-22,Blackmores Executive B (30)
33,,kesehatan/vitamin-multivitamin/vitamin-nutrisi,715,Kesehatan,,1,0,7,469,Vitamin & Nutrisi,,0,,,False,806756992,0,False,1,Blackmores Executive B (30),,0,Rp 155.000,155000,,0,Jakarta Timur,7336624,True,False,True,Jakarta Timur,Ricko friyansyah,https://inbox.tokopedia.com/reputation/v1/badge/shop/7336624,https://www.tokopedia.com/rickofriyansyah,,1,5,,https://www.tokopedia.com/rickofriyansyah/blackmores-executive-b-30-7d73?trkid=f%3DCa0000L000P0W0S0Sh%2CCo0Po0Fr0Cb0_src%3Drecent_page%3D1_ob%3D23_q%3DBlackmores+Executive+B+%2830%29_po%3D34_catid%3D469&whid=0,0,2020-05-22,Blackmores Executive B (30)
34,,kesehatan/vitamin-multivitamin/vitamin-nutrisi,715,Kesehatan,,1,0,5,469,Vitamin & Nutrisi,,0,,,False,840341151,0,False,1,Blackmores Executive B isi 30 tablet BPOM Kalbe,,0,Rp 175.000,175000,,0,Balikpapan,5405073,True,False,True,Balikpapan,pyaar shop,https://inbox.tokopedia.com/reputation/v1/badge/shop/5405073,https://www.tokopedia.com/pyaarshop,,1,1,,https://www.tokopedia.com/pyaarshop/blackmores-executive-b-isi-30-tablet-bpom-kalbe?trkid=f%3DCa0000L000P0W0S0Sh%2CCo0Po0Fr0Cb0_src%3Drecent_page%3D1_ob%3D23_q%3DBlackmores+Executive+B+%2830%29_po%3D35_catid%3D469&whid=0,0,2020-05-22,Blackmores Executive B (30)
35,,kesehatan/vitamin-multivitamin/vitamin-nutrisi,715,Kesehatan,,1,0,1,469,Vitamin & Nutrisi,,0,,,False,855270294,0,False,1,Blackmores Executive B 30 tablet,,0,Rp 169.900,169900,,0,Jakarta Utara,8053329,True,False,True,Jakarta Utara,Callystashophealthybeauty,https://inbox.tokopedia.com/reputation/v1/badge/shop/8053329,https://www.tokopedia.com/callystashophealthy,,1,4,,https://www.tokopedia.com/callystashophealthy/blackmores-executive-b-30-tablet?trkid=f%3DCa0000L000P0W0S0Sh%2CCo0Po0Fr0Cb0_src%3Drecent_page%3D1_ob%3D23_q%3DBlackmores+Executive+B+%2830%29_po%3D36_catid%3D469&whid=0,0,2020-05-22,Blackmores Executive B (30)
36,,kesehatan/vitamin-multivitamin/vitamin-nutrisi,715,Kesehatan,,1,0,2,469,Vitamin & Nutrisi,,0,,,False,734747095,0,False,1,Blackmores Executive B Stress Formula BPOM Kalbe - 30 Tablet,,0,Rp 129.850,129850,,0,Jakarta Utara,5525778,True,False,True,Jakarta Utara,RajaVitamin,https://inbox.tokopedia.com/reputation/v1/badge/shop/5525778,https://www.tokopedia.com/raja-vitamin,,1,500,,https://www.tokopedia.com/raja-vitamin/blackmores-executive-b-stress-formula-bpom-kalbe-30-tablet?trkid=f%3DCa0000L000P0W0S0Sh%2CCo0Po0Fr0Cb0_src%3Drecent_page%3D1_ob%3D23_q%3DBlackmores+Executive+B+%2830%29_po%3D37_catid%3D469&whid=0,0,2020-05-22,Blackmores Executive B (30)
37,,kesehatan/vitamin-multivitamin/vitamin-nutrisi,715,Kesehatan,,1,0,1,469,Vitamin & Nutrisi,,0,,,False,674814908,0,False,1,BLACKMORES EXECUTIVE B VITAMIN KONDISI STRESS FORMULA KALBE 30 TABLET,,0,Rp 458.500,458500,,0,Jakarta Barat,7602939,True,False,True,Jakarta Barat,LUMINTUSHOP20,https://inbox.tokopedia.com/reputation/v1/badge/shop/7602939,https://www.tokopedia.com/lumintushop20,,1,100,,https://www.tokopedia.com/lumintushop20/blackmores-executive-b-vitamin-kondisi-stress-formula-kalbe-30-tablet?trkid=f%3DCa0000L000P0W0S0Sh%2CCo0Po0Fr0Cb0_src%3Drecent_page%3D1_ob%3D23_q%3DBlackmores+Executive+B+%2830%29_po%3D38_catid%3D469&whid=0,0,2020-05-22,Blackmores Executive B (30)
38,,kesehatan/vitamin-multivitamin/vitamin-nutrisi,715,Kesehatan,,1,0,4,469,Vitamin & Nutrisi,,0,,,False,554356881,0,False,1,Blackmores Executive B Stress Formula BPOM Kalbe - 30 Tablet,,0,Rp 150.000,150000,,0,Jakarta Barat,2455230,True,False,True,Jakarta Barat,WellyPlatinum,https://inbox.tokopedia.com/reputation/v1/badge/shop/2455230,https://www.tokopedia.com/wellyplatinum,,1,10,,https://www.tokopedia.com/wellyplatinum/blackmores-executive-b-stress-formula-bpom-kalbe-30-tablet?trkid=f%3DCa0000L000P0W0S0Sh%2CCo0Po0Fr0Cb0_src%3Drecent_page%3D1_ob%3D23_q%3DBlackmores+Executive+B+%2830%29_po%3D39_catid%3D469&whid=0,0,2020-05-22,Blackmores Executive B (30)
39,,kesehatan/vitamin-multivitamin/vitamin-nutrisi,715,Kesehatan,,1,0,1,469,Vitamin & Nutrisi,,0,,,False,783477483,0,False,1,Blackmores Executive B Stress Formula BPOM Kalbe - 30 Tablet,,0,Rp 150.000,150000,,0,Jakarta Timur,1248806,True,False,True,Jakarta Timur,Krupuk kulit,https://inbox.tokopedia.com/reputation/v1/badge/shop/1248806,https://www.tokopedia.com/krupukkulitkane,,1,20,,https://www.tokopedia.com/krupukkulitkane/blackmores-executive-b-stress-formula-bpom-kalbe-30-tablet?trkid=f%3DCa0000L000P0W0S0Sh%2CCo0Po0Fr0Cb0_src%3Drecent_page%3D1_ob%3D23_q%3DBlackmores+Executive+B+%2830%29_po%3D40_catid%3D469&whid=0,0,2020-05-22,Blackmores Executive B (30)
40,,kesehatan/vitamin-multivitamin/vitamin-nutrisi,715,Kesehatan,,1,0,4,469,Vitamin & Nutrisi,,0,,,False,804382077,0,False,1,Blackmores Executive B (30),,0,Rp 162.750,162750,,0,Jakarta Utara,6147,True,False,True,Jakarta Utara,Tambun Online Store,https://inbox.tokopedia.com/reputation/v1/badge/shop/6147,https://www.tokopedia.com/tambun-store,,1,10,,https://www.tokopedia.com/tambun-store/blackmores-executive-b-30?trkid=f%3DCa0000L000P0W0S0Sh%2CCo0Po0Fr0Cb0_src%3Drecent_page%3D1_ob%3D23_q%3DBlackmores+Executive+B+%2830%29_po%3D41_catid%3D469&whid=0,0,2020-05-22,Blackmores Executive B (30)
41,,kesehatan/vitamin-multivitamin/vitamin-b,715,Kesehatan,,1,0,5,2510,Vitamin B,,0,,,False,744867934,0,False,1,Blackmores Executive B 30's,,0,Rp 170.000,170000,,0,Surakarta,7231994,True,False,True,Surakarta,LS01 Collection,https://inbox.tokopedia.com/reputation/v1/badge/shop/7231994,https://www.tokopedia.com/ls01collection,,1,100,,https://www.tokopedia.com/ls01collection/blackmores-executive-b-30-s?trkid=f%3DCa0000L000P0W0S0Sh%2CCo0Po0Fr0Cb0_src%3Drecent_page%3D1_ob%3D23_q%3DBlackmores+Executive+B+%2830%29_po%3D42_catid%3D2510&whid=0,0,2020-05-22,Blackmores Executive B (30)
42,,kesehatan/vitamin-multivitamin/vitamin-nutrisi,715,Kesehatan,,1,0,2,469,Vitamin & Nutrisi,,0,,,False,645671060,0,False,1,Termurah! Blackmores Executive B Suplemen Kesehatan 30 Tablets BPOM,,0,Rp 170.000,170000,,0,Jakarta Pusat,7393983,False,False,False,Jakarta Pusat,viola velve,https://inbox.tokopedia.com/reputation/v1/badge/shop/7393983,https://www.tokopedia.com/violavelve,,1,10,,https://www.tokopedia.com/violavelve/termurah-blackmores-executive-b-suplemen-kesehatan-30-tablets-bpom?trkid=f%3DCa0000L000P0W0S0Sh%2CCo0Po0Fr0Cb0_src%3Drecent_page%3D1_ob%3D23_q%3DBlackmores+Executive+B+%2830%29_po%3D43_catid%3D469&whid=0,0,2020-05-22,Blackmores Executive B (30)
43,,kesehatan/vitamin-multivitamin/vitamin-nutrisi,715,Kesehatan,,1,0,8,469,Vitamin & Nutrisi,,0,,,False,843718549,0,False,1,Blackmores Executive B Isi 30,,0,Rp 140.000,140000,,0,Jakarta Selatan,7282585,False,False,False,Jakarta Selatan,amooreaana,https://inbox.tokopedia.com/reputation/v1/badge/shop/7282585,https://www.tokopedia.com/amooreaana,,1,10,,https://www.tokopedia.com/amooreaana/blackmores-executive-b-isi-30?trkid=f%3DCa0000L000P0W0S0Sh%2CCo0Po0Fr0Cb0_src%3Drecent_page%3D1_ob%3D23_q%3DBlackmores+Executive+B+%2830%29_po%3D44_catid%3D469&whid=0,0,2020-05-22,Blackmores Executive B (30)
44,,kesehatan/vitamin-multivitamin/vitamin-nutrisi,715,Kesehatan,,1,0,2,469,Vitamin & Nutrisi,,0,,,False,725996465,0,False,1,Blackmores Executive B Stress Formula 30 Tablet - KALBE,,0,Rp 157.000,157000,,0,Jakarta Barat,7833815,False,False,False,Jakarta Barat,JUliO stores,https://inbox.tokopedia.com/reputation/v1/badge/shop/7833815,https://www.tokopedia.com/julio-stores,,1,18,,https://www.tokopedia.com/julio-stores/blackmores-executive-b-stress-formula-30-tablet-kalbe?trkid=f%3DCa0000L000P0W0S0Sh%2CCo0Po0Fr0Cb0_src%3Drecent_page%3D1_ob%3D23_q%3DBlackmores+Executive+B+%2830%29_po%3D45_catid%3D469&whid=0,0,2020-05-22,Blackmores Executive B (30)
45,,kesehatan/vitamin-multivitamin/vitamin-nutrisi,715,Kesehatan,,1,0,3,469,Vitamin & Nutrisi,,0,,,False,802298218,0,False,1,BLACKMORES EXECUTIVE B ISI 30 formula anti stress,,0,Rp 126.300,126300,,0,Kab. Tangerang,2645150,False,False,False,Kab. Tangerang,spesialisfolamil,https://inbox.tokopedia.com/reputation/v1/badge/shop/2645150,https://www.tokopedia.com/spesialisfolamil,,1,10000,,https://www.tokopedia.com/spesialisfolamil/blackmores-executive-b-isi-30-formula-anti-stress?trkid=f%3DCa0000L000P0W0S0Sh%2CCo0Po0Fr0Cb0_src%3Drecent_page%3D1_ob%3D23_q%3DBlackmores+Executive+B+%2830%29_po%3D46_catid%3D469&whid=0,0,2020-05-22,Blackmores Executive B (30)
46,['Cashback'],kesehatan/vitamin-multivitamin/vitamin-nutrisi,715,Kesehatan,,1,0,2,469,Vitamin & Nutrisi,,0,,,False,627947539,0,False,1,Blackmores Executive B isi 30 Tablet,,0,Rp 155.000,155000,,0,Pekanbaru,7376169,True,False,True,Pekanbaru,Apotek Keluarga Group,https://inbox.tokopedia.com/reputation/v1/badge/shop/7376169,https://www.tokopedia.com/apotekkeluargagr,,1,5,,https://www.tokopedia.com/apotekkeluargagr/blackmores-executive-b-isi-30-tablet?trkid=f%3DCa0000L000P0W0S0Sh%2CCo0Po0Fr0Cb0_src%3Drecent_page%3D1_ob%3D23_q%3DBlackmores+Executive+B+%2830%29_po%3D47_catid%3D469&whid=0,0,2020-05-22,Blackmores Executive B (30)
47,,kesehatan/vitamin-multivitamin/sistem-kekebalan-tubuh,715,Kesehatan,,1,0,4,726,Vitamin Daya Tahan Tubuh,,0,,,False,401760766,0,False,1,Blackmores Executive B -30 Tablet 100% Asli BPOM,,0,Rp 116.000,116000,,0,Kab. Tangerang,5236375,False,False,False,Kab. Tangerang,Kapekado,https://inbox.tokopedia.com/reputation/v1/badge/shop/5236375,https://www.tokopedia.com/kapekado,,1,999999,,https://www.tokopedia.com/kapekado/blackmores-executive-b-30-tablet-100-asli-bpom?trkid=f%3DCa0000L000P0W0S0Sh%2CCo0Po0Fr0Cb0_src%3Drecent_page%3D1_ob%3D23_q%3DBlackmores+Executive+B+%2830%29_po%3D48_catid%3D726&whid=0,0,2020-05-22,Blackmores Executive B (30)
48,,kesehatan/vitamin-multivitamin/sistem-kekebalan-tubuh,715,Kesehatan,,1,0,3,726,Vitamin Daya Tahan Tubuh,,0,,,False,821624665,0,False,1,Baru!! Blackmores executive b stress relief 30 60 62 125 tablets,,0,Rp 582.000,582000,,0,Jakarta Pusat,8468614,False,False,False,Jakarta Pusat,I Love My Pets,https://inbox.tokopedia.com/reputation/v1/badge/shop/8468614,https://www.tokopedia.com/ilovemy,,1,43,,https://www.tokopedia.com/ilovemy/baru-blackmores-executive-b-stress-relief-30-60-62-125-tablets?trkid=f%3DCa0000L000P0W0S0Sh%2CCo0Po0Fr0Cb0_src%3Drecent_page%3D1_ob%3D23_q%3DBlackmores+Executive+B+%2830%29_po%3D49_catid%3D726&whid=0,0,2020-05-22,Blackmores Executive B (30)
49,,kesehatan/vitamin-multivitamin/vitamin-b,715,Kesehatan,,1,0,2,2510,Vitamin B,,0,,,False,739499936,0,False,1,Promo Blackmores Executive B Vitamin Kondisi Stress Formula Kalbe 30,,0,Rp 201.000,201000,,0,Jakarta Barat,7975504,False,False,False,Jakarta Barat,Elmanaf Shop,https://inbox.tokopedia.com/reputation/v1/badge/shop/7975504,https://www.tokopedia.com/elmanaf,,1,87,,https://www.tokopedia.com/elmanaf/promo-blackmores-executive-b-vitamin-kondisi-stress-formula-kalbe-30?trkid=f%3DCa0000L000P0W0S0Sh%2CCo0Po0Fr0Cb0_src%3Drecent_page%3D1_ob%3D23_q%3DBlackmores+Executive+B+%2830%29_po%3D50_catid%3D2510&whid=0,0,2020-05-22,Blackmores Executive B (30)
50,,kesehatan/vitamin-multivitamin/vitamin-nutrisi,715,Kesehatan,,1,0,3,469,Vitamin & Nutrisi,,0,,,False,665123583,0,False,1,Blackmores Executive B Stress Formula 30 Tablet,,0,Rp 150.000,150000,,0,Jakarta Utara,770888,False,False,False,Jakarta Utara,Lavish Store,https://inbox.tokopedia.com/reputation/v1/badge/shop/770888,https://www.tokopedia.com/lavishstore,,1,999999,,https://www.tokopedia.com/lavishstore/blackmores-executive-b-stress-formula-30-tablet?trkid=f%3DCa0000L000P0W0S0Sh%2CCo0Po0Fr0Cb0_src%3Drecent_page%3D1_ob%3D23_q%3DBlackmores+Executive+B+%2830%29_po%3D51_catid%3D469&whid=0,0,2020-05-22,Blackmores Executive B (30)
51,,kesehatan/vitamin-multivitamin/vitamin-b,715,Kesehatan,,1,0,2,2510,Vitamin B,,0,,,False,779480549,0,False,1,Promo Blackmores Executive B Vitamin Kondisi Stress Formula Kalbe 30,,0,Rp 322.000,322000,,0,Jakarta Barat,8223910,False,False,False,Jakarta Barat,Andura&#39;s Store,https://inbox.tokopedia.com/reputation/v1/badge/shop/8223910,https://www.tokopedia.com/andurass,,1,200,,https://www.tokopedia.com/andurass/promo-blackmores-executive-b-vitamin-kondisi-stress-formula-kalbe-30?trkid=f%3DCa0000L000P0W0S0Sh%2CCo0Po0Fr0Cb0_src%3Drecent_page%3D1_ob%3D23_q%3DBlackmores+Executive+B+%2830%29_po%3D52_catid%3D2510&whid=0,0,2020-05-22,Blackmores Executive B (30)
52,,kesehatan/vitamin-multivitamin/vitamin-nutrisi,715,Kesehatan,,1,0,6,469,Vitamin & Nutrisi,,0,,,False,783208381,0,False,1,Blackmores Executive B isi 30 tablet,,0,Rp 130.000,130000,,0,Jakarta Pusat,1440424,False,False,False,Jakarta Pusat,HealthyyShoopp,https://inbox.tokopedia.com/reputation/v1/badge/shop/1440424,https://www.tokopedia.com/healthyyshoopp,,1,2,,https://www.tokopedia.com/healthyyshoopp/blackmores-executive-b-isi-30-tablet?trkid=f%3DCa0000L000P0W0S0Sh%2CCo0Po0Fr0Cb0_src%3Drecent_page%3D1_ob%3D23_q%3DBlackmores+Executive+B+%2830%29_po%3D53_catid%3D469&whid=0,0,2020-05-22,Blackmores Executive B (30)
53,,kesehatan/vitamin-multivitamin/vitamin-nutrisi,715,Kesehatan,,1,0,9,469,Vitamin & Nutrisi,,0,,,False,842938293,0,False,1,Blackmores executive B stress formula bpom Kalbe 30 tablet,,0,Rp 185.000,185000,,0,Jakarta Barat,8214844,False,False,False,Jakarta Barat,herbaltop123,https://inbox.tokopedia.com/reputation/v1/badge/shop/8214844,https://www.tokopedia.com/herbaltop123,,1,50,,https://www.tokopedia.com/herbaltop123/blackmores-executive-b-stress-formula-bpom-kalbe-30-tablet?trkid=f%3DCa0000L000P0W0S0Sh%2CCo0Po0Fr0Cb0_src%3Drecent_page%3D1_ob%3D23_q%3DBlackmores+Executive+B+%2830%29_po%3D54_catid%3D469&whid=0,0,2020-05-22,Blackmores Executive B (30)
54,,kesehatan/vitamin-multivitamin/vitamin-nutrisi,715,Kesehatan,,1,0,2,469,Vitamin & Nutrisi,,0,,,False,829778495,0,False,1,Blackmores Executive B Suplemen Kesehatan 30 Tablets BPOM Kalbe,,0,Rp 232.000,232000,,0,Jakarta Barat,8456702,False,False,False,Jakarta Barat,ASKES_HAZEL,https://inbox.tokopedia.com/reputation/v1/badge/shop/8456702,https://www.tokopedia.com/askes-1,,1,16,,https://www.tokopedia.com/askes-1/blackmores-executive-b-suplemen-kesehatan-30-tablets-bpom-kalbe?trkid=f%3DCa0000L000P0W0S0Sh%2CCo0Po0Fr0Cb0_src%3Drecent_page%3D1_ob%3D23_q%3DBlackmores+Executive+B+%2830%29_po%3D55_catid%3D469&whid=0,0,2020-05-22,Blackmores Executive B (30)
55,,kesehatan/vitamin-multivitamin/vitamin-nutrisi,715,Kesehatan,,1,0,1,469,Vitamin & Nutrisi,,0,,,False,773366312,0,False,1,Blackmores Executive B Suplemen Kesehatan 30 Tablets BPOM Kalbe,,0,Rp 273.000,273000,,0,Jakarta Timur,8116212,False,False,False,Jakarta Timur,Zask Global,https://inbox.tokopedia.com/reputation/v1/badge/shop/8116212,https://www.tokopedia.com/zglobal,,1,15,,https://www.tokopedia.com/zglobal/blackmores-executive-b-suplemen-kesehatan-30-tablets-bpom-kalbe?trkid=f%3DCa0000L000P0W0S0Sh%2CCo0Po0Fr0Cb0_src%3Drecent_page%3D1_ob%3D23_q%3DBlackmores+Executive+B+%2830%29_po%3D56_catid%3D469&whid=0,0,2020-05-22,Blackmores Executive B (30)
56,,kesehatan/vitamin-multivitamin/sistem-kekebalan-tubuh,715,Kesehatan,,1,0,2,726,Vitamin Daya Tahan Tubuh,,0,,,False,829876412,0,False,1,Blackmores Executive B (30) bermanfaat pada saat meningkatnya,,0,Rp 274.000,274000,,0,Jakarta Barat,8450460,False,False,False,Jakarta Barat,ALKES_HATTI,https://inbox.tokopedia.com/reputation/v1/badge/shop/8450460,https://www.tokopedia.com/alkesha,,1,13,,https://www.tokopedia.com/alkesha/blackmores-executive-b-30-bermanfaat-pada-saat-meningkatnya?trkid=f%3DCa0000L000P0W0S0Sh%2CCo0Po0Fr0Cb0_src%3Drecent_page%3D1_ob%3D23_q%3DBlackmores+Executive+B+%2830%29_po%3D57_catid%3D726&whid=0,0,2020-05-22,Blackmores Executive B (30)
57,,kesehatan/vitamin-multivitamin/vitamin-nutrisi,715,Kesehatan,,1,0,2,469,Vitamin & Nutrisi,,0,,,False,818052345,0,False,1,Blackmores Executive B Stress Formula BPOM Kalbe 30 Tablet,,0,Rp 343.000,343000,,0,Jakarta Pusat,8426888,False,False,False,Jakarta Pusat,Luis BeltCoin,https://inbox.tokopedia.com/reputation/v1/badge/shop/8426888,https://www.tokopedia.com/luisba,,1,15,,https://www.tokopedia.com/luisba/blackmores-executive-b-stress-formula-bpom-kalbe-30-tablet?trkid=f%3DCa0000L000P0W0S0Sh%2CCo0Po0Fr0Cb0_src%3Drecent_page%3D1_ob%3D23_q%3DBlackmores+Executive+B+%2830%29_po%3D58_catid%3D469&whid=0,0,2020-05-22,Blackmores Executive B (30)
58,,kesehatan/suplemen-diet/obat-pelangsing,715,Kesehatan,,1,0,2,2312,Obat Pelangsing,,0,,,False,856582030,0,False,1,Blackmores Executive B Stress Formula Bpom Kalbe - 30 Tablet,,0,Rp 212.500,212500,,0,Jakarta Pusat,8594604,False,False,False,Jakarta Pusat,rinashop989,https://inbox.tokopedia.com/reputation/v1/badge/shop/8594604,https://www.tokopedia.com/rinashop989,,1,9,,https://www.tokopedia.com/rinashop989/blackmores-executive-b-stress-formula-bpom-kalbe-30-tablet?trkid=f%3DCa0000L000P0W0S0Sh%2CCo0Po0Fr0Cb0_src%3Drecent_page%3D1_ob%3D23_q%3DBlackmores+Executive+B+%2830%29_po%3D59_catid%3D2312&whid=0,0,2020-05-22,Blackmores Executive B (30)
59,,kesehatan/vitamin-multivitamin/vitamin-nutrisi,715,Kesehatan,,1,0,1,469,Vitamin & Nutrisi,,0,,,False,831218018,0,False,1,Diskon Blackmores Executive B Stress Formula Bpom Kalbe - 30 Tablet,,0,Rp 238.000,238000,,0,Jakarta Barat,8036409,False,False,False,Jakarta Barat,DarrenStevenson,https://inbox.tokopedia.com/reputation/v1/badge/shop/8036409,https://www.tokopedia.com/darrenstevenson,,1,54,,https://www.tokopedia.com/darrenstevenson/diskon-blackmores-executive-b-stress-formula-bpom-kalbe-30-tablet?trkid=f%3DCa0000L000P0W0S0Sh%2CCo0Po0Fr0Cb0_src%3Drecent_page%3D1_ob%3D23_q%3DBlackmores+Executive+B+%2830%29_po%3D60_catid%3D469&whid=0,0,2020-05-22,Blackmores Executive B (30)
0,,kesehatan/vitamin-multivitamin/vitamin-nutrisi,715,Kesehatan,,1,0,2,469,Vitamin & Nutrisi,,0,,,False,830305462,0,False,1,BLACKMORES EXECUTIVE B STRESS FORMULA BPOM KALBE - 30 TABLET KODE 584,,0,Rp 237.000,237000,,0,Jakarta Barat,7703186,False,False,False,Jakarta Barat,cenastore4411,https://inbox.tokopedia.com/reputation/v1/badge/shop/7703186,https://www.tokopedia.com/cenastore4411,,1,12,,https://www.tokopedia.com/cenastore4411/blackmores-executive-b-stress-formula-bpom-kalbe-30-tablet-kode-584?trkid=f%3DCa0000L000P0W0S0Sh%2CCo0Po0Fr0Cb0_src%3Drecent_page%3D2_ob%3D23_q%3DBlackmores+Executive+B+%2830%29_po%3D1_catid%3D469&whid=0,0,2020-05-22,Blackmores Executive B (30)
1,,kesehatan/vitamin-multivitamin/vitamin-nutrisi,715,Kesehatan,,1,0,2,469,Vitamin & Nutrisi,,0,,,False,809645867,0,False,1,Blackmores Executive B isi 30,,0,Rp 155.000,155000,,0,Kab. Bekasi,1174099,False,False,False,Kab. Bekasi,irmafebrianti,https://inbox.tokopedia.com/reputation/v1/badge/shop/1174099,https://www.tokopedia.com/irmafebrianti,,1,5,,https://www.tokopedia.com/irmafebrianti/blackmores-executive-b-isi-30?trkid=f%3DCa0000L000P0W0S0Sh%2CCo0Po0Fr0Cb0_src%3Drecent_page%3D2_ob%3D23_q%3DBlackmores+Executive+B+%2830%29_po%3D2_catid%3D469&whid=0,0,2020-05-22,Blackmores Executive B (30)
2,,kesehatan/vitamin-multivitamin/vitamin-nutrisi,715,Kesehatan,,1,0,1,469,Vitamin & Nutrisi,,0,,,False,831588510,0,False,1,Promo Blackmores Executive B Stress Formula Bpom Kalbe - 30 Tablet,,0,Rp 238.000,238000,,0,Jakarta Barat,8036409,False,False,False,Jakarta Barat,DarrenStevenson,https://inbox.tokopedia.com/reputation/v1/badge/shop/8036409,https://www.tokopedia.com/darrenstevenson,,1,76,,https://www.tokopedia.com/darrenstevenson/promo-blackmores-executive-b-stress-formula-bpom-kalbe-30-tablet?trkid=f%3DCa0000L000P0W0S0Sh%2CCo0Po0Fr0Cb0_src%3Drecent_page%3D2_ob%3D23_q%3DBlackmores+Executive+B+%2830%29_po%3D3_catid%3D469&whid=0,0,2020-05-22,Blackmores Executive B (30)
3,,kesehatan/vitamin-multivitamin/vitamin-nutrisi,715,Kesehatan,,1,0,1,469,Vitamin & Nutrisi,,0,,,False,831583579,0,False,1,Cuci Gudang Blackmores Executive B Stress Formula Bpom Kalbe - 30,,0,Rp 230.000,230000,,0,Jakarta Barat,8036409,False,False,False,Jakarta Barat,DarrenStevenson,https://inbox.tokopedia.com/reputation/v1/badge/shop/8036409,https://www.tokopedia.com/darrenstevenson,,1,66,,https://www.tokopedia.com/darrenstevenson/cuci-gudang-blackmores-executive-b-stress-formula-bpom-kalbe-30?trkid=f%3DCa0000L000P0W0S0Sh%2CCo0Po0Fr0Cb0_src%3Drecent_page%3D2_ob%3D23_q%3DBlackmores+Executive+B+%2830%29_po%3D4_catid%3D469&whid=0,0,2020-05-22,Blackmores Executive B (30)
4,,kesehatan/vitamin-multivitamin/vitamin-nutrisi,715,Kesehatan,,1,0,2,469,Vitamin & Nutrisi,,0,,,False,829390131,0,False,1,TERLARIS BLACKMORES EXECUTIVE B STRESS FORMULA BPOM KALBE - 30 TABLET,,0,Rp 189.000,189000,,0,Jakarta Barat,8236142,False,False,False,Jakarta Barat,FadhilaStore1,https://inbox.tokopedia.com/reputation/v1/badge/shop/8236142,https://www.tokopedia.com/fadhilastore1,,1,60,,https://www.tokopedia.com/fadhilastore1/terlaris-blackmores-executive-b-stress-formula-bpom-kalbe-30-tablet?trkid=f%3DCa0000L000P0W0S0Sh%2CCo0Po0Fr0Cb0_src%3Drecent_page%3D2_ob%3D23_q%3DBlackmores+Executive+B+%2830%29_po%3D5_catid%3D469&whid=0,0,2020-05-22,Blackmores Executive B (30)
5,,kesehatan/vitamin-multivitamin/vitamin-nutrisi,715,Kesehatan,,1,0,2,469,Vitamin & Nutrisi,,0,,,False,855523558,0,False,1,New !! BLACKMORES EXECUTIVE B VITAMIN KONDISI STRESS FORMULA KALBE 30,,0,Rp 239.000,239000,,0,Jakarta Pusat,8596623,False,False,False,Jakarta Pusat,Nutricare&#39;,https://inbox.tokopedia.com/reputation/v1/badge/shop/8596623,https://www.tokopedia.com/nutricare,,1,28,,https://www.tokopedia.com/nutricare/new-blackmores-executive-b-vitamin-kondisi-stress-formula-kalbe-30?trkid=f%3DCa0000L000P0W0S0Sh%2CCo0Po0Fr0Cb0_src%3Drecent_page%3D2_ob%3D23_q%3DBlackmores+Executive+B+%2830%29_po%3D6_catid%3D469&whid=0,0,2020-05-22,Blackmores Executive B (30)
6,,kesehatan/vitamin-multivitamin/vitamin-nutrisi,715,Kesehatan,,1,0,2,469,Vitamin & Nutrisi,,0,,,False,819717527,0,False,1,Raedy Stock Blackmores Executive B Stress Formula Bpom Kalbe - 30,,0,Rp 202.000,202000,,0,Jakarta Barat,8468964,False,False,False,Jakarta Barat,Khalfani Collection,https://inbox.tokopedia.com/reputation/v1/badge/shop/8468964,https://www.tokopedia.com/kcollection-11,,1,60,,https://www.tokopedia.com/kcollection-11/raedy-stock-blackmores-executive-b-stress-formula-bpom-kalbe-30?trkid=f%3DCa0000L000P0W0S0Sh%2CCo0Po0Fr0Cb0_src%3Drecent_page%3D2_ob%3D23_q%3DBlackmores+Executive+B+%2830%29_po%3D7_catid%3D469&whid=0,0,2020-05-22,Blackmores Executive B (30)
7,,kesehatan/vitamin-multivitamin/vitamin-nutrisi,715,Kesehatan,,1,0,1,469,Vitamin & Nutrisi,,0,,,False,777665866,0,False,1,Blackmores Executive B Stress Formula BPOM Kalbe - 30 Tablet,,0,Rp 211.000,211000,,0,Jakarta Selatan,8124773,False,False,False,Jakarta Selatan,Zulaikha Porsche,https://inbox.tokopedia.com/reputation/v1/badge/shop/8124773,https://www.tokopedia.com/zulaikhapor,,1,10,,https://www.tokopedia.com/zulaikhapor/blackmores-executive-b-stress-formula-bpom-kalbe-30-tablet?trkid=f%3DCa0000L000P0W0S0Sh%2CCo0Po0Fr0Cb0_src%3Drecent_page%3D2_ob%3D23_q%3DBlackmores+Executive+B+%2830%29_po%3D8_catid%3D469&whid=0,0,2020-05-22,Blackmores Executive B (30)
8,,kesehatan/vitamin-multivitamin/sistem-kekebalan-tubuh,715,Kesehatan,,1,0,2,726,Vitamin Daya Tahan Tubuh,,0,,,False,858027092,0,False,1,New !! Blackmores Executive B Stress Formula BPOM Kalbe 30 Tablet,,0,Rp 165.000,165000,,0,Jakarta Pusat,8596623,False,False,False,Jakarta Pusat,Nutricare&#39;,https://inbox.tokopedia.com/reputation/v1/badge/shop/8596623,https://www.tokopedia.com/nutricare,,1,45,,https://www.tokopedia.com/nutricare/new-blackmores-executive-b-stress-formula-bpom-kalbe-30-tablet?trkid=f%3DCa0000L000P0W0S0Sh%2CCo0Po0Fr0Cb0_src%3Drecent_page%3D2_ob%3D23_q%3DBlackmores+Executive+B+%2830%29_po%3D9_catid%3D726&whid=0,0,2020-05-22,Blackmores Executive B (30)
9,,kesehatan/vitamin-multivitamin/vitamin-nutrisi,715,Kesehatan,,1,0,2,469,Vitamin & Nutrisi,,0,,,False,777606832,0,False,1,BLACKMORES EXECUTIVE B VITAMIN KONDISI STRESS FORMULA KALBE 30 TABLET,,0,Rp 308.000,308000,,0,Jakarta Barat,8246600,False,False,False,Jakarta Barat,nurwahid_store,https://inbox.tokopedia.com/reputation/v1/badge/shop/8246600,https://www.tokopedia.com/nurwahid-1,,1,12,,https://www.tokopedia.com/nurwahid-1/blackmores-executive-b-vitamin-kondisi-stress-formula-kalbe-30-tablet?trkid=f%3DCa0000L000P0W0S0Sh%2CCo0Po0Fr0Cb0_src%3Drecent_page%3D2_ob%3D23_q%3DBlackmores+Executive+B+%2830%29_po%3D10_catid%3D469&whid=0,0,2020-05-22,Blackmores Executive B (30)
10,,kesehatan/vitamin-multivitamin/vitamin-b,715,Kesehatan,,1,0,2,2510,Vitamin B,,0,,,False,812295388,0,False,1,BLACKMORES EXECUTIVE B VITAMIN KONDISI STRESS FORMULA KALBE 30 TABLET,,0,Rp 300.000,300000,,0,Jakarta Barat,8424193,False,False,False,Jakarta Barat,Enjang _,https://inbox.tokopedia.com/reputation/v1/badge/shop/8424193,https://www.tokopedia.com/enjang,,1,19,,https://www.tokopedia.com/enjang/blackmores-executive-b-vitamin-kondisi-stress-formula-kalbe-30-tablet?trkid=f%3DCa0000L000P0W0S0Sh%2CCo0Po0Fr0Cb0_src%3Drecent_page%3D2_ob%3D23_q%3DBlackmores+Executive+B+%2830%29_po%3D11_catid%3D2510&whid=0,0,2020-05-22,Blackmores Executive B (30)
11,,kesehatan/vitamin-multivitamin/vitamin-nutrisi,715,Kesehatan,,1,0,2,469,Vitamin & Nutrisi,,0,,,False,813464498,0,False,1,DISKON BLACKMORES EXECUTIVE B STRESS FORMULA BPOM KALBE - 30 TABLET,,0,Rp 207.000,207000,,0,Jakarta Barat,8380773,False,False,False,Jakarta Barat,faridhastores,https://inbox.tokopedia.com/reputation/v1/badge/shop/8380773,https://www.tokopedia.com/faridhastores,,1,25054,,https://www.tokopedia.com/faridhastores/diskon-blackmores-executive-b-stress-formula-bpom-kalbe-30-tablet?trkid=f%3DCa0000L000P0W0S0Sh%2CCo0Po0Fr0Cb0_src%3Drecent_page%3D2_ob%3D23_q%3DBlackmores+Executive+B+%2830%29_po%3D12_catid%3D469&whid=0,0,2020-05-22,Blackmores Executive B (30)
12,,kesehatan/vitamin-multivitamin/vitamin-nutrisi,715,Kesehatan,,1,0,2,469,Vitamin & Nutrisi,,0,,,False,784915791,0,False,1,BLACKMORES EXECUTIVE B VITAMIN KONDISI STRESS FORMULA KALBE 30 TABLET,,0,Rp 293.000,293000,,0,Jakarta Pusat,8288291,False,False,False,Jakarta Pusat,nura_storee,https://inbox.tokopedia.com/reputation/v1/badge/shop/8288291,https://www.tokopedia.com/nurastoree,,1,22,,https://www.tokopedia.com/nurastoree/blackmores-executive-b-vitamin-kondisi-stress-formula-kalbe-30-tablet?trkid=f%3DCa0000L000P0W0S0Sh%2CCo0Po0Fr0Cb0_src%3Drecent_page%3D2_ob%3D23_q%3DBlackmores+Executive+B+%2830%29_po%3D13_catid%3D469&whid=0,0,2020-05-22,Blackmores Executive B (30)
13,,kesehatan/kesehatan-wanita/suplemen-kewanitaan,715,Kesehatan,,1,0,2,903,Suplemen Kewanitaan,,0,,,False,781809201,0,False,1,Blackmores Executive B (30) Bermanfaat Pada Saat Meningkatnya,,0,Rp 220.000,220000,,0,Jakarta Barat,8250898,False,False,False,Jakarta Barat,Ressep Nenek,https://inbox.tokopedia.com/reputation/v1/badge/shop/8250898,https://www.tokopedia.com/ressep,,1,124,,https://www.tokopedia.com/ressep/blackmores-executive-b-30-bermanfaat-pada-saat-meningkatnya?trkid=f%3DCa0000L000P0W0S0Sh%2CCo0Po0Fr0Cb0_src%3Drecent_page%3D2_ob%3D23_q%3DBlackmores+Executive+B+%2830%29_po%3D14_catid%3D903&whid=0,0,2020-05-22,Blackmores Executive B (30)
14,,kesehatan/vitamin-multivitamin/suplemen-vitamin-rambut,715,Kesehatan,,1,0,2,2529,Suplemen & Vitamin Rambut,,0,,,False,761940017,0,False,1,Blackmores Executive B (30),,0,Rp 175.500,175500,,0,Jakarta Pusat,8132501,False,False,False,Jakarta Pusat,Bandar Kampung,https://inbox.tokopedia.com/reputation/v1/badge/shop/8132501,https://www.tokopedia.com/bandarkampung,,1,18,,https://www.tokopedia.com/bandarkampung/blackmores-executive-b-30?trkid=f%3DCa0000L000P0W0S0Sh%2CCo0Po0Fr0Cb0_src%3Drecent_page%3D2_ob%3D23_q%3DBlackmores+Executive+B+%2830%29_po%3D15_catid%3D2529&whid=0,0,2020-05-22,Blackmores Executive B (30)
15,,kesehatan/vitamin-multivitamin/vitamin-nutrisi,715,Kesehatan,,1,0,2,469,Vitamin & Nutrisi,,0,,,False,797450373,0,True,1,we BLACKMORES EXECUTIVE B VITAMIN KONDISI STRESS FORMULA KALBE 30,,0,Rp 372.000,372000,,0,Jakarta Pusat,6880989,False,False,False,Jakarta Pusat,reinren12,https://inbox.tokopedia.com/reputation/v1/badge/shop/6880989,https://www.tokopedia.com/reinren,5912424169,1,21,['Preorder'],https://www.tokopedia.com/reinren/we-blackmores-executive-b-vitamin-kondisi-stress-formula-kalbe-30?trkid=f%3DCa0000L000P0W0S0Sh%2CCo0Po0Fr0Cb0_src%3Drecent_page%3D2_ob%3D23_q%3DBlackmores+Executive+B+%2830%29_po%3D16_catid%3D469&whid=0,0,2020-05-22,Blackmores Executive B (30)
16,,kesehatan/vitamin-multivitamin/vitamin-nutrisi,715,Kesehatan,,1,0,2,469,Vitamin & Nutrisi,,0,,,False,683745154,0,False,1,BLACKMORES EXECUTIVE B (30) SANGAT BERMANFAAT PADA SAAT MENINGKATNYA,,0,Rp 177.000,177000,,0,Jakarta Selatan,7682753,False,False,False,Jakarta Selatan,Aylmer Store,https://inbox.tokopedia.com/reputation/v1/badge/shop/7682753,https://www.tokopedia.com/ast-7,,1,15,,https://www.tokopedia.com/ast-7/blackmores-executive-b-30-sangat-bermanfaat-pada-saat-meningkatnya?trkid=f%3DCa0000L000P0W0S0Sh%2CCo0Po0Fr0Cb0_src%3Drecent_page%3D2_ob%3D23_q%3DBlackmores+Executive+B+%2830%29_po%3D17_catid%3D469&whid=0,0,2020-05-22,Blackmores Executive B (30)
17,,kesehatan/vitamin-multivitamin/vitamin-nutrisi,715,Kesehatan,,1,0,1,469,Vitamin & Nutrisi,,0,,,False,626495481,0,False,1,Blackmores Executive B (30 Tablet),,0,Rp 123.000,123000,,0,Kab. Klaten,2455578,False,False,False,Kab. Klaten,De Beauty Shopku,https://inbox.tokopedia.com/reputation/v1/badge/shop/2455578,https://www.tokopedia.com/dbeautyshopku,,1,12,,https://www.tokopedia.com/dbeautyshopku/blackmores-executive-b-30-tablet?trkid=f%3DCa0000L000P0W0S0Sh%2CCo0Po0Fr0Cb0_src%3Drecent_page%3D2_ob%3D23_q%3DBlackmores+Executive+B+%2830%29_po%3D18_catid%3D469&whid=0,0,2020-05-22,Blackmores Executive B (30)
18,,kesehatan/vitamin-multivitamin/vitamin-nutrisi,715,Kesehatan,,1,0,2,469,Vitamin & Nutrisi,,0,,,False,758134743,0,False,1,Blackmores executive b stress relief 30 / 62 tablets BPOM KALBE,,0,Rp 376.000,376000,,0,Jakarta Timur,8047726,False,False,False,Jakarta Timur,Niaga Sandang Murah,https://inbox.tokopedia.com/reputation/v1/badge/shop/8047726,https://www.tokopedia.com/niagasandang,,1,16,,https://www.tokopedia.com/niagasandang/blackmores-executive-b-stress-relief-30-62-tablets-bpom-kalbe?trkid=f%3DCa0000L000P0W0S0Sh%2CCo0Po0Fr0Cb0_src%3Drecent_page%3D2_ob%3D23_q%3DBlackmores+Executive+B+%2830%29_po%3D19_catid%3D469&whid=0,0,2020-05-22,Blackmores Executive B (30)
19,,kesehatan/suplemen-diet/obat-pelangsing,715,Kesehatan,,1,0,3,2312,Obat Pelangsing,,0,,,False,848855721,0,False,1,Blackmores Executive B Suplemen Kesehatan 30 Tablets BPOM Kalbe Diskon,,0,Rp 193.000,193000,,0,Jakarta Barat,7805303,False,False,False,Jakarta Barat,GUNA&#39;SMART,https://inbox.tokopedia.com/reputation/v1/badge/shop/7805303,https://www.tokopedia.com/gunasmart-1,3131/1066158530008629248/55,1,200,,https://www.tokopedia.com/gunasmart-1/blackmores-executive-b-suplemen-kesehatan-30-tablets-bpom-kalbe-diskon?trkid=f%3DCa0000L000P0W0S0Sh%2CCo0Po0Fr0Cb0_src%3Drecent_page%3D2_ob%3D23_q%3DBlackmores+Executive+B+%2830%29_po%3D20_catid%3D2312&whid=0,0,2020-05-22,Blackmores Executive B (30)
20,,kesehatan/suplemen-diet/obat-pelangsing,715,Kesehatan,,1,0,2,2312,Obat Pelangsing,,0,,,False,848984562,0,False,1,Blackmores Executive B Stress Formula Bpom Kalbe - 30 Tablet Terlaris,,0,Rp 232.900,232900,,0,Jakarta Barat,7937281,False,False,False,Jakarta Barat,Qwes Herbal,https://inbox.tokopedia.com/reputation/v1/badge/shop/7937281,https://www.tokopedia.com/qwes-herbal,,1,9,,https://www.tokopedia.com/qwes-herbal/blackmores-executive-b-stress-formula-bpom-kalbe-30-tablet-terlaris?trkid=f%3DCa0000L000P0W0S0Sh%2CCo0Po0Fr0Cb0_src%3Drecent_page%3D2_ob%3D23_q%3DBlackmores+Executive+B+%2830%29_po%3D21_catid%3D2312&whid=0,0,2020-05-22,Blackmores Executive B (30)
21,,kesehatan/vitamin-multivitamin/vitamin-e,715,Kesehatan,,1,0,2,2513,Vitamin E,,0,,,False,839756127,0,False,1,BLACKMORES EXECUTIVE B VITAMIN KONDISI STRESS FORMULA KALBE 30 TABLET,,0,Rp 278.000,278000,,0,Jakarta Barat,8534365,False,False,False,Jakarta Barat,Abella laris maju,https://inbox.tokopedia.com/reputation/v1/badge/shop/8534365,https://www.tokopedia.com/abellalaris,,1,265,,https://www.tokopedia.com/abellalaris/blackmores-executive-b-vitamin-kondisi-stress-formula-kalbe-30-tablet?trkid=f%3DCa0000L000P0W0S0Sh%2CCo0Po0Fr0Cb0_src%3Drecent_page%3D2_ob%3D23_q%3DBlackmores+Executive+B+%2830%29_po%3D22_catid%3D2513&whid=0,0,2020-05-22,Blackmores Executive B (30)
22,,kesehatan/vitamin-multivitamin/vitamin-nutrisi,715,Kesehatan,,1,0,1,469,Vitamin & Nutrisi,,0,,,False,850475026,0,False,1,Blackmores Executive B Vitamin Kondisi Stress Formula Kalbe 30 Tablet,,0,Rp 295.000,295000,,0,Jakarta Barat,8576579,False,False,False,Jakarta Barat,RNAS OFFICIAL,https://inbox.tokopedia.com/reputation/v1/badge/shop/8576579,https://www.tokopedia.com/rinas-official-1,,1,12,,https://www.tokopedia.com/rinas-official-1/blackmores-executive-b-vitamin-kondisi-stress-formula-kalbe-30-tablet?trkid=f%3DCa0000L000P0W0S0Sh%2CCo0Po0Fr0Cb0_src%3Drecent_page%3D2_ob%3D23_q%3DBlackmores+Executive+B+%2830%29_po%3D23_catid%3D469&whid=0,0,2020-05-22,Blackmores Executive B (30)
23,,kesehatan/suplemen-diet/obat-pelangsing,715,Kesehatan,,1,0,2,2312,Obat Pelangsing,,0,,,False,849016974,0,False,1,BLACKMORES EXECUTIVE B VITAMIN KONDISI STRESS FORMULA KALBE 30 TABLET,,0,Rp 272.600,272600,,0,Jakarta Barat,7937281,False,False,False,Jakarta Barat,Qwes Herbal,https://inbox.tokopedia.com/reputation/v1/badge/shop/7937281,https://www.tokopedia.com/qwes-herbal,,1,200,,https://www.tokopedia.com/qwes-herbal/blackmores-executive-b-vitamin-kondisi-stress-formula-kalbe-30-tablet?trkid=f%3DCa0000L000P0W0S0Sh%2CCo0Po0Fr0Cb0_src%3Drecent_page%3D2_ob%3D23_q%3DBlackmores+Executive+B+%2830%29_po%3D24_catid%3D2312&whid=0,0,2020-05-22,Blackmores Executive B (30)
24,,rumah-tangga/lain-lain,984,Rumah Tangga,,1,0,1,995,Rumah Tangga Lainnya,,0,,,False,841598072,0,False,1,Dijual Blackmores Executive B (30 tablet) Diskon,,0,Rp 137.500,137500,,0,Jakarta Selatan,8506506,False,False,False,Jakarta Selatan,mia anjani155,https://inbox.tokopedia.com/reputation/v1/badge/shop/8506506,https://www.tokopedia.com/miaanjani155,3131/1105556945444192256/55,1,93,,https://www.tokopedia.com/miaanjani155/dijual-blackmores-executive-b-30-tablet-diskon?trkid=f%3DCa0000L000P0W0S0Sh%2CCo0Po0Fr0Cb0_src%3Drecent_page%3D2_ob%3D23_q%3DBlackmores+Executive+B+%2830%29_po%3D25_catid%3D995&whid=0,0,2020-05-22,Blackmores Executive B (30)
25,,kesehatan/vitamin-multivitamin/vitamin-e,715,Kesehatan,,1,0,2,2513,Vitamin E,,0,,,False,839756389,0,False,1,BLACKMORES EXECUTIVE B VITAMIN KONDISI STRESS FORMULA KALBE 30 TABLET,,0,Rp 278.000,278000,,0,Jakarta Selatan,8534368,False,False,False,Jakarta Selatan,Abidah jaya store,https://inbox.tokopedia.com/reputation/v1/badge/shop/8534368,https://www.tokopedia.com/abidah-jaya,,1,265,,https://www.tokopedia.com/abidah-jaya/blackmores-executive-b-vitamin-kondisi-stress-formula-kalbe-30-tablet?trkid=f%3DCa0000L000P0W0S0Sh%2CCo0Po0Fr0Cb0_src%3Drecent_page%3D2_ob%3D23_q%3DBlackmores+Executive+B+%2830%29_po%3D26_catid%3D2513&whid=0,0,2020-05-22,Blackmores Executive B (30)
26,,kesehatan/lainnya,715,Kesehatan,,1,0,1,1129,Kesehatan Lainnya,,0,,,False,848417836,0,False,1,Blackmores Executive B Stress Formula Bpom Kalbe - 30 Tablet Limited,,0,Rp 212.500,212500,,0,Jakarta Timur,8509555,False,False,False,Jakarta Timur,nikita dewi,https://inbox.tokopedia.com/reputation/v1/badge/shop/8509555,https://www.tokopedia.com/nikitadew,3131/1104258106124845056/55,1,10,,https://www.tokopedia.com/nikitadew/blackmores-executive-b-stress-formula-bpom-kalbe-30-tablet-limited?trkid=f%3DCa0000L000P0W0S0Sh%2CCo0Po0Fr0Cb0_src%3Drecent_page%3D2_ob%3D23_q%3DBlackmores+Executive+B+%2830%29_po%3D27_catid%3D1129&whid=0,0,2020-05-22,Blackmores Executive B (30)
27,,kesehatan/vitamin-multivitamin/vitamin-e,715,Kesehatan,,1,0,2,2513,Vitamin E,,0,,,False,839875411,0,False,1,BLACKMORES EXECUTIVE B VITAMIN KONDISI STRESS FORMULA KALBE 30 TABLET,,0,Rp 278.000,278000,,0,Jakarta Barat,8407366,False,False,False,Jakarta Barat,atika fithriya,https://inbox.tokopedia.com/reputation/v1/badge/shop/8407366,https://www.tokopedia.com/atikafi,,1,265,,https://www.tokopedia.com/atikafi/blackmores-executive-b-vitamin-kondisi-stress-formula-kalbe-30-tablet?trkid=f%3DCa0000L000P0W0S0Sh%2CCo0Po0Fr0Cb0_src%3Drecent_page%3D2_ob%3D23_q%3DBlackmores+Executive+B+%2830%29_po%3D28_catid%3D2513&whid=0,0,2020-05-22,Blackmores Executive B (30)
28,,kesehatan/vitamin-multivitamin/vitamin-nutrisi,715,Kesehatan,,1,0,2,469,Vitamin & Nutrisi,,0,,,False,851357557,0,False,1,BLACKMORES EXECUTIVE B VITAMIN KONDISI STRESS FORMULA KALBE 30 TABLET,,0,Rp 273.000,273000,,0,Jakarta Barat,8576510,False,False,False,Jakarta Barat,B A L QIS,https://inbox.tokopedia.com/reputation/v1/badge/shop/8576510,https://www.tokopedia.com/balqi-1,,1,12,,https://www.tokopedia.com/balqi-1/blackmores-executive-b-vitamin-kondisi-stress-formula-kalbe-30-tablet?trkid=f%3DCa0000L000P0W0S0Sh%2CCo0Po0Fr0Cb0_src%3Drecent_page%3D2_ob%3D23_q%3DBlackmores+Executive+B+%2830%29_po%3D29_catid%3D469&whid=0,0,2020-05-22,Blackmores Executive B (30)
29,,kesehatan/vitamin-multivitamin/vitamin-nutrisi,715,Kesehatan,,1,0,2,469,Vitamin & Nutrisi,,0,,,False,837330357,0,False,1,Original Blackmores Executive B Stress Formula Bpom Kalbe - 30 Tablet,,0,Rp 167.000,167000,,0,Jakarta Barat,8521899,False,False,False,Jakarta Barat,Citranishop88,https://inbox.tokopedia.com/reputation/v1/badge/shop/8521899,https://www.tokopedia.com/citranishop88,,1,38,,https://www.tokopedia.com/citranishop88/original-blackmores-executive-b-stress-formula-bpom-kalbe-30-tablet?trkid=f%3DCa0000L000P0W0S0Sh%2CCo0Po0Fr0Cb0_src%3Drecent_page%3D2_ob%3D23_q%3DBlackmores+Executive+B+%2830%29_po%3D30_catid%3D469&whid=0,0,2020-05-22,Blackmores Executive B (30)
30,,kesehatan/suplemen-diet/obat-pelangsing,715,Kesehatan,,1,0,2,2312,Obat Pelangsing,,0,,,False,848991190,0,False,1,Blackmores Executive B Stress Formula Bpom Kalbe - 30 Tablet Murah,,0,Rp 232.900,232900,,0,Jakarta Barat,7937281,False,False,False,Jakarta Barat,Qwes Herbal,https://inbox.tokopedia.com/reputation/v1/badge/shop/7937281,https://www.tokopedia.com/qwes-herbal,,1,10,,https://www.tokopedia.com/qwes-herbal/blackmores-executive-b-stress-formula-bpom-kalbe-30-tablet-murah?trkid=f%3DCa0000L000P0W0S0Sh%2CCo0Po0Fr0Cb0_src%3Drecent_page%3D2_ob%3D23_q%3DBlackmores+Executive+B+%2830%29_po%3D31_catid%3D2312&whid=0,0,2020-05-22,Blackmores Executive B (30)
31,,kesehatan/vitamin-multivitamin/vitamin-nutrisi,715,Kesehatan,,1,0,2,469,Vitamin & Nutrisi,,0,,,False,847610726,0,False,1,ready stock Blackmores Executive B Stress Formula BPOM Kalbe - 30,,0,Rp 164.000,164000,,0,Jakarta Selatan,8557871,False,False,False,Jakarta Selatan,primashop02,https://inbox.tokopedia.com/reputation/v1/badge/shop/8557871,https://www.tokopedia.com/primashop0,,1,47,,https://www.tokopedia.com/primashop0/ready-stock-blackmores-executive-b-stress-formula-bpom-kalbe-30?trkid=f%3DCa0000L000P0W0S0Sh%2CCo0Po0Fr0Cb0_src%3Drecent_page%3D2_ob%3D23_q%3DBlackmores+Executive+B+%2830%29_po%3D32_catid%3D469&whid=0,0,2020-05-22,Blackmores Executive B (30)
32,,kesehatan/vitamin-multivitamin/vitamin-nutrisi,715,Kesehatan,,1,0,1,469,Vitamin & Nutrisi,,0,,,False,848223008,0,False,1,Blackmores Executive B Stress Formula Bpom Kalbe - 30 Tablet,,0,Rp 159.000,159000,,0,Tangerang,8562937,False,False,False,Tangerang,RandallGreer,https://inbox.tokopedia.com/reputation/v1/badge/shop/8562937,https://www.tokopedia.com/randallgreer,,1,143,,https://www.tokopedia.com/randallgreer/blackmores-executive-b-stress-formula-bpom-kalbe-30-tablet?trkid=f%3DCa0000L000P0W0S0Sh%2CCo0Po0Fr0Cb0_src%3Drecent_page%3D2_ob%3D23_q%3DBlackmores+Executive+B+%2830%29_po%3D33_catid%3D469&whid=0,0,2020-05-22,Blackmores Executive B (30)
33,,kesehatan/suplemen-diet/obat-pelangsing,715,Kesehatan,,1,0,4,2312,Obat Pelangsing,,0,,,False,848864679,0,False,1,Blackmores Executive B (30 tablet) Berkualitas,,0,Rp 120.600,120600,,0,Jakarta Barat,7804072,False,False,False,Jakarta Barat,LOGO&#39;Shop,https://inbox.tokopedia.com/reputation/v1/badge/shop/7804072,https://www.tokopedia.com/logoshop,3131/1105556945444192256/55,1,93,,https://www.tokopedia.com/logoshop/blackmores-executive-b-30-tablet-berkualitas?trkid=f%3DCa0000L000P0W0S0Sh%2CCo0Po0Fr0Cb0_src%3Drecent_page%3D2_ob%3D23_q%3DBlackmores+Executive+B+%2830%29_po%3D34_catid%3D2312&whid=0,0,2020-05-22,Blackmores Executive B (30)
34,,kesehatan/vitamin-multivitamin/vitamin-b,715,Kesehatan,,1,0,2,2510,Vitamin B,,0,,,False,668156571,0,False,1,MURAH BLACKMORES EXECUTIVE B VITAMIN KONDISI STRESS FORMULA KALBE 30,,0,Rp 227.000,227000,,0,Jakarta Timur,7102631,False,False,False,Jakarta Timur,Miller olshop,https://inbox.tokopedia.com/reputation/v1/badge/shop/7102631,https://www.tokopedia.com/millerolsh,,1,13109,,https://www.tokopedia.com/millerolsh/murah-blackmores-executive-b-vitamin-kondisi-stress-formula-kalbe-30?trkid=f%3DCa0000L000P0W0S0Sh%2CCo0Po0Fr0Cb0_src%3Drecent_page%3D2_ob%3D23_q%3DBlackmores+Executive+B+%2830%29_po%3D35_catid%3D2510&whid=0,0,2020-05-22,Blackmores Executive B (30)
35,,kesehatan/vitamin-multivitamin/vitamin-nutrisi,715,Kesehatan,,1,0,2,469,Vitamin & Nutrisi,,0,,,False,645671017,0,False,1,Termurah! Blackmores Executive B Suplemen Kesehatan 30 Tablets BPOM,,0,Rp 180.000,180000,,0,Jakarta Barat,7393936,False,False,False,Jakarta Barat,albina reza,https://inbox.tokopedia.com/reputation/v1/badge/shop/7393936,https://www.tokopedia.com/albinareza,,1,10,,https://www.tokopedia.com/albinareza/termurah-blackmores-executive-b-suplemen-kesehatan-30-tablets-bpom?trkid=f%3DCa0000L000P0W0S0Sh%2CCo0Po0Fr0Cb0_src%3Drecent_page%3D2_ob%3D23_q%3DBlackmores+Executive+B+%2830%29_po%3D36_catid%3D469&whid=0,0,2020-05-22,Blackmores Executive B (30)
36,,kesehatan/vitamin-multivitamin/vitamin-nutrisi,715,Kesehatan,,1,0,2,469,Vitamin & Nutrisi,,0,,,False,726866641,0,False,1,Blackmores Executive B Stress Formula 30 Tablet - KALBE,,0,Rp 171.000,171000,,0,Jakarta Barat,7840682,False,False,False,Jakarta Barat,oncemikael,https://inbox.tokopedia.com/reputation/v1/badge/shop/7840682,https://www.tokopedia.com/oncemikael,,1,11,,https://www.tokopedia.com/oncemikael/blackmores-executive-b-stress-formula-30-tablet-kalbe?trkid=f%3DCa0000L000P0W0S0Sh%2CCo0Po0Fr0Cb0_src%3Drecent_page%3D2_ob%3D23_q%3DBlackmores+Executive+B+%2830%29_po%3D37_catid%3D469&whid=0,0,2020-05-22,Blackmores Executive B (30)
37,,kesehatan/vitamin-multivitamin/vitamin-b,715,Kesehatan,,1,0,2,2510,Vitamin B,,0,,,False,748703105,0,False,1,BLACKMORES EXECUTIVE B VITAMIN KONDISI STRESS FORMULA KALBE 30 TABLET,,0,Rp 222.000,222000,,0,Jakarta Barat,8066530,False,False,False,Jakarta Barat,Garnis Susanti Shop,https://inbox.tokopedia.com/reputation/v1/badge/shop/8066530,https://www.tokopedia.com/garnissusantis,,1,10,,https://www.tokopedia.com/garnissusantis/blackmores-executive-b-vitamin-kondisi-stress-formula-kalbe-30-tablet?trkid=f%3DCa0000L000P0W0S0Sh%2CCo0Po0Fr0Cb0_src%3Drecent_page%3D2_ob%3D23_q%3DBlackmores+Executive+B+%2830%29_po%3D38_catid%3D2510&whid=0,0,2020-05-22,Blackmores Executive B (30)
38,,kesehatan/vitamin-multivitamin/vitamin-nutrisi,715,Kesehatan,,1,0,2,469,Vitamin & Nutrisi,,0,,,False,725996463,0,False,1,Blackmores Executive B Stress Formula 30 Tablet - KALBE,,0,Rp 162.000,162000,,0,Jakarta Barat,7833560,False,False,False,Jakarta Barat,JOKOPANG,https://inbox.tokopedia.com/reputation/v1/badge/shop/7833560,https://www.tokopedia.com/jokopa-1,,1,14,,https://www.tokopedia.com/jokopa-1/blackmores-executive-b-stress-formula-30-tablet-kalbe?trkid=f%3DCa0000L000P0W0S0Sh%2CCo0Po0Fr0Cb0_src%3Drecent_page%3D2_ob%3D23_q%3DBlackmores+Executive+B+%2830%29_po%3D39_catid%3D469&whid=0,0,2020-05-22,Blackmores Executive B (30)
39,,kesehatan/vitamin-multivitamin/vitamin-nutrisi,715,Kesehatan,,1,0,2,469,Vitamin & Nutrisi,,0,,,False,686195938,0,False,1,BEST SELLER Blackmores Executive B Stress Formula BPOM Kalbe - 30,,0,Rp 161.000,161000,,0,Jakarta Utara,7336074,False,False,False,Jakarta Utara,NovaUtami,https://inbox.tokopedia.com/reputation/v1/badge/shop/7336074,https://www.tokopedia.com/novautami-1,,1,297,,https://www.tokopedia.com/novautami-1/best-seller-blackmores-executive-b-stress-formula-bpom-kalbe-30?trkid=f%3DCa0000L000P0W0S0Sh%2CCo0Po0Fr0Cb0_src%3Drecent_page%3D2_ob%3D23_q%3DBlackmores+Executive+B+%2830%29_po%3D40_catid%3D469&whid=0,0,2020-05-22,Blackmores Executive B (30)
40,,kesehatan/vitamin-multivitamin/vitamin-b,715,Kesehatan,,1,0,2,2510,Vitamin B,,0,,,False,763015060,0,False,1,Blackmores executive b 30 tablet bpom kalbe,,0,Rp 172.000,172000,,0,Jakarta Barat,8155698,False,False,False,Jakarta Barat,Zadaa Store_,https://inbox.tokopedia.com/reputation/v1/badge/shop/8155698,https://www.tokopedia.com/zadaa,,1,75,,https://www.tokopedia.com/zadaa/blackmores-executive-b-30-tablet-bpom-kalbe?trkid=f%3DCa0000L000P0W0S0Sh%2CCo0Po0Fr0Cb0_src%3Drecent_page%3D2_ob%3D23_q%3DBlackmores+Executive+B+%2830%29_po%3D41_catid%3D2510&whid=0,0,2020-05-22,Blackmores Executive B (30)
