,category_id,category_name,count_review,id,name,original_price,price,price_int,rating,shop.city,shop.id,shop.is_gold,shop.is_official,shop.is_power_badge,shop.location,shop.name,shop.reputation,get_date,keyword
0,65,Handphone & Tablet,347,660839674,Samsung Galaxy A51 - COPPER Tempered Glass FULL GLUE PREMIUM GLOSSY,Rp50.000,Rp47.500,47500,5,Jakarta Barat,5942785,True,True,True,Jakarta Barat,Copper Indonesia,https://inbox.tokopedia.com/reputation/v1/badge/shop/5942785,2020-07-02,Samsung A51
1,65,Handphone & Tablet,102,660861199,Samsung Galaxy A51 - COPPER Tempered Glass FULL BLUE RAY,Rp70.000,Rp64.500,64500,5,Jakarta Barat,5942785,True,True,True,Jakarta Barat,Copper Indonesia,https://inbox.tokopedia.com/reputation/v1/badge/shop/5942785,2020-07-02,Samsung A51
2,65,Handphone & Tablet,180,737135352,Case Samsung Galaxy A51 / A71 Spigen Tough Armor Shockproof Casing,,Rp295.000,295000,5,Jakarta Barat,3586130,True,True,True,Jakarta Barat,Spigen Official,https://inbox.tokopedia.com/reputation/v1/badge/shop/3586130,2020-07-02,Samsung A51
3,65,Handphone & Tablet,230,764002424,Samsung Galaxy A51 8/128 - RAM 8GB / ROM 128GB - Garansi Resmi,,Rp4.689.000,4689000,5,Jakarta Pusat,256223,True,True,True,Jakarta Pusat,H2 Cellular,https://inbox.tokopedia.com/reputation/v1/badge/shop/256223,2020-07-02,Samsung A51
4,65,Handphone & Tablet,504,666625076,Samsung Galaxy A51 6/128 - RAM 6GB / ROM 128GB - Garansi Resmi,,Rp4.399.000,4399000,5,Jakarta Pusat,256223,True,True,True,Jakarta Pusat,H2 Cellular,https://inbox.tokopedia.com/reputation/v1/badge/shop/256223,2020-07-02,Samsung A51
5,65,Handphone & Tablet,350,690220369,Case Samsung Galaxy A51 / A71 Spigen Carbon Fiber Rugged Armor Casing,,Rp175.000,175000,5,Jakarta Barat,3586130,True,True,True,Jakarta Barat,Spigen Official,https://inbox.tokopedia.com/reputation/v1/badge/shop/3586130,2020-07-02,Samsung A51
6,65,Handphone & Tablet,410,690218841,Case Samsung Galaxy A51 / A71 Spigen Liquid Air Softcase Black Casing,,Rp175.000,175000,5,Jakarta Barat,3586130,True,True,True,Jakarta Barat,Spigen Official,https://inbox.tokopedia.com/reputation/v1/badge/shop/3586130,2020-07-02,Samsung A51
7,65,Handphone & Tablet,498,656438759,Samsung Galaxy A51 [6GB/128GB] - Garansi Resmi,,Rp4.379.000,4379000,5,Jakarta Pusat,405517,True,True,True,Jakarta Pusat,SUPER_GADGET,https://inbox.tokopedia.com/reputation/v1/badge/shop/405517,2020-07-02,Samsung A51
8,65,Handphone & Tablet,115,668851442,Tempered Glass Samsung A51 Anti Gores Layar dan Kamera Belakang,,Rp27.000,27000,5,Jakarta Selatan,3705681,True,False,True,Jakarta Selatan,AstoriaStore,https://inbox.tokopedia.com/reputation/v1/badge/shop/3705681,2020-07-02,Samsung A51
9,65,Handphone & Tablet,52,685429326,Tempered Glass Samsung A51 - A71 anti gores screen guard full layar 5D,,Rp20.000,20000,5,Jakarta Barat,1042576,True,False,True,Jakarta Barat,Case Pedia,https://inbox.tokopedia.com/reputation/v1/badge/shop/1042576,2020-07-02,Samsung A51
10,65,Handphone & Tablet,309,676703178,Samsung A51 6/128GB- GARANSI RESMI SEIN,,Rp4.345.000,4345000,5,Jakarta Barat,2634574,True,False,True,Jakarta Barat,centralphone73,https://inbox.tokopedia.com/reputation/v1/badge/shop/2634574,2020-07-02,Samsung A51
11,65,Handphone & Tablet,84,715239200,Samsung Galaxy A51 - Copper Tempered Glass Kameraa,Rp20.000,Rp12.000,12000,5,Jakarta Barat,5942785,True,True,True,Jakarta Barat,Copper Indonesia,https://inbox.tokopedia.com/reputation/v1/badge/shop/5942785,2020-07-02,Samsung A51
12,65,Handphone & Tablet,94,800903101,CASE SAMSUNG GALAXY A51 SOFTCASE SILIKON CASE CANDY BERBAHAN LENTUR,,Rp65.000,65000,5,Jakarta Utara,1693206,True,False,True,Jakarta Utara,7dayAcc,https://inbox.tokopedia.com/reputation/v1/badge/shop/1693206,2020-07-02,Samsung A51
13,65,Handphone & Tablet,173,669608905,SAMSUNG GALAXY A51 CLEAR VIEW STANDING FLIP COVER CASING MIRROR CASE,,Rp45.500,45500,5,Jakarta Pusat,6745959,True,False,True,Jakarta Pusat,grand-cell,https://inbox.tokopedia.com/reputation/v1/badge/shop/6745959,2020-07-02,Samsung A51
14,65,Handphone & Tablet,66,670807438,SAMSUNG A51 Case Dove Transparan Slim Fuze Macaron,,Rp35.000,35000,5,Jakarta Pusat,3948159,True,False,True,Jakarta Pusat,Mayana Acc 29,https://inbox.tokopedia.com/reputation/v1/badge/shop/3948159,2020-07-02,Samsung A51
15,65,Handphone & Tablet,286,674465256,Samsung Galaxy A51 6/128 RAM 6GB ROM 128GB GARANSI RESMI SEIN,,Rp4.373.000,4373000,5,Jakarta Pusat,131646,True,True,True,Jakarta Pusat,Cellular Mas,https://inbox.tokopedia.com/reputation/v1/badge/shop/131646,2020-07-02,Samsung A51
16,65,Handphone & Tablet,86,738934997,Samsung Galaxy A51 [8GB/128GB] - Garansi Resmi,,Rp4.589.000,4589000,5,Jakarta Pusat,405517,True,True,True,Jakarta Pusat,SUPER_GADGET,https://inbox.tokopedia.com/reputation/v1/badge/shop/405517,2020-07-02,Samsung A51
17,65,Handphone & Tablet,37,690690735,Tempered Glass SAMSUNG Galaxy A51 Full Cover Black -Premium Glass Pro,Rp90.000,Rp50.000,50000,5,Surabaya,4231590,True,True,True,Surabaya,Glass Pro Indonesia,https://inbox.tokopedia.com/reputation/v1/badge/shop/4231590,2020-07-02,Samsung A51
18,65,Handphone & Tablet,125,688148397,Samsung Galaxy A51 6/128 GB Garansi Resmi SEIN,,Rp4.375.000,4375000,5,Jakarta Pusat,342169,True,True,True,Jakarta Pusat,Gudang-HP,https://inbox.tokopedia.com/reputation/v1/badge/shop/342169,2020-07-02,Samsung A51
19,65,Handphone & Tablet,56,627004019,Case Samsung A51 - Dux Ducis Original Premium Flip Leather Casing,,Rp150.000,150000,5,Jakarta Utara,2298522,True,True,True,Jakarta Utara,Gojali,https://inbox.tokopedia.com/reputation/v1/badge/shop/2298522,2020-07-02,Samsung A51
20,65,Handphone & Tablet,80,784144170,SAMSUNG GALAXY A51 8/128 (RAM 8GB/128GB) 2020 GARANSI RESMI SEGEL,,Rp4.618.000,4618000,5,Jakarta Timur,1758173,True,False,True,Jakarta Timur,Samudera Sports,https://inbox.tokopedia.com/reputation/v1/badge/shop/1758173,2020-07-02,Samsung A51
21,65,Handphone & Tablet,25,704070546,Smart View A20S A50S A70 A51 A71 Samsung Flip Cover Digital Standing,,Rp79.000,79000,5,Jakarta Utara,6886508,True,False,True,Jakarta Utara,Indo Smart Acc,https://inbox.tokopedia.com/reputation/v1/badge/shop/6886508,2020-07-02,Samsung A51
22,65,Handphone & Tablet,26,685265203,Tempered Glass 6D Samsung Galaxy A51 Full Cover Color Ambigo,Rp14.500,Rp14.000,14000,5,Jakarta Selatan,1137385,True,True,True,Jakarta Selatan,Jagonya Case,https://inbox.tokopedia.com/reputation/v1/badge/shop/1137385,2020-07-02,Samsung A51
23,65,Handphone & Tablet,44,711411806,PAKET Tempered Glass Kamera + TG Anti Gores SAMSUNG GALAXY A51,,Rp32.500,32500,5,Jakarta Utara,209487,True,False,True,Jakarta Utara,ROTI PANGGANG OnlineShop,https://inbox.tokopedia.com/reputation/v1/badge/shop/209487,2020-07-02,Samsung A51
24,65,Handphone & Tablet,68,670431307,SAMSUNG GALAXY A51 A515 TEMPERED GLASS CAMERA LENS SCREEN PROTECTOR,,Rp27.003,27003,5,Jakarta Pusat,4471375,True,False,True,Jakarta Pusat,Nillkin Store 888,https://inbox.tokopedia.com/reputation/v1/badge/shop/4471375,2020-07-02,Samsung A51
25,65,Handphone & Tablet,60,664862157,Tempered Glass Samsung Galaxy A51 A71 NILLKIN Amazing H+ Pro ORIGINAL,,Rp120.000,120000,5,Jakarta Timur,2254487,True,False,True,Jakarta Timur,826x Store,https://inbox.tokopedia.com/reputation/v1/badge/shop/2254487,2020-07-02,Samsung A51
26,65,Handphone & Tablet,45,663813918,Hard Case Samsung Galaxy A51 Nillkin Frosted,,Rp99.000,99000,5,Bekasi,5283616,True,True,True,Bekasi,Nillkin Official,https://inbox.tokopedia.com/reputation/v1/badge/shop/5283616,2020-07-02,Samsung A51
27,65,Handphone & Tablet,155,674833292,"Tempered Glass Samsung A51 6,5 inch + Tg Anti Gores Lensa Camera",,Rp25.000,25000,5,Jakarta Selatan,585690,True,False,True,Jakarta Selatan,Putra Jakfar ACC,https://inbox.tokopedia.com/reputation/v1/badge/shop/585690,2020-07-02,Samsung A51
28,65,Handphone & Tablet,64,780218182,Samsung A51 - Garansi RESMI SEIN,,Rp4.400.000,4400000,5,Depok,8270925,True,False,True,Depok,Gesrek Phone,https://inbox.tokopedia.com/reputation/v1/badge/shop/8270925,2020-07-02,Samsung A51
29,65,Handphone & Tablet,78,676095018,Samsung A51 Shockproof Transparent Matte Case,,Rp30.000,30000,5,Bandung,915535,True,False,True,Bandung,azka sahira,https://inbox.tokopedia.com/reputation/v1/badge/shop/915535,2020-07-02,Samsung A51
30,65,Handphone & Tablet,74,669792109,SAMSUNG A51 HYDROGEL SCREEN PROTECTOR ANTI GORES LAYAR,,Rp30.000,30000,5,Jakarta Pusat,6595375,True,False,True,Jakarta Pusat,Urban Story,https://inbox.tokopedia.com/reputation/v1/badge/shop/6595375,2020-07-02,Samsung A51
31,65,Handphone & Tablet,83,789863723,Samsung Galaxy A51 6/128 Garansi Resmi SEIN,,Rp4.339.000,4339000,5,Jakarta Timur,1838989,True,False,True,Jakarta Timur,FKP Shop,https://inbox.tokopedia.com/reputation/v1/badge/shop/1838989,2020-07-02,Samsung A51
32,65,Handphone & Tablet,383,729175580,Samsung Galaxy A51 6/128Gb Grs resmi Sein,,Rp4.399.000,4399000,5,,2099980,True,True,True,,Pluto sellular,https://inbox.tokopedia.com/reputation/v1/badge/shop/2099980,2020-07-02,Samsung A51
33,65,Handphone & Tablet,63,780622519,Samsung Galaxy A51 8/128Gb Grs resmi Sein,,Rp4.599.000,4599000,5,Jakarta Timur,2099980,True,True,True,Jakarta Timur,Pluto sellular,https://inbox.tokopedia.com/reputation/v1/badge/shop/2099980,2020-07-02,Samsung A51
34,65,Handphone & Tablet,74,676273183,SAMSUNG Galaxy A51 6/128 - 6GB / 128GB - Garansi Resmi SEIN,,Rp4.358.000,4358000,5,Jakarta Barat,230341,True,False,True,Jakarta Barat,Crown Computer,https://inbox.tokopedia.com/reputation/v1/badge/shop/230341,2020-07-02,Samsung A51
35,65,Handphone & Tablet,56,726381450,SAMSUNG A51 A515 HARDCASE NILLKIN CAMSHIELD ORIGINAL,,Rp125.000,125000,5,Jakarta Barat,1585189,True,False,True,Jakarta Barat,SmartBuy-Mart,https://inbox.tokopedia.com/reputation/v1/badge/shop/1585189,2020-07-02,Samsung A51
36,65,Handphone & Tablet,32,675151427,Flip Cover Samsung Galaxy A51 Wallet Leather Case Dompet Casing Kulit,,Rp55.000,55000,5,Jakarta Timur,2643002,True,False,True,Jakarta Timur,Aurora Phone,https://inbox.tokopedia.com/reputation/v1/badge/shop/2643002,2020-07-02,Samsung A51
37,65,Handphone & Tablet,348,664539263,SAMSUNG GALAXY A51 6/128 (RAM 6GB/128GB) 2020 GARANSI RESMI SEGEL,,Rp4.368.000,4368000,5,Jakarta Timur,1758173,True,False,True,Jakarta Timur,Samudera Sports,https://inbox.tokopedia.com/reputation/v1/badge/shop/1758173,2020-07-02,Samsung A51
38,65,Handphone & Tablet,36,668790938,Leather Flip Cover Samsung A51 - Wallet Case - Casing Sarung Kulit,,Rp43.500,43500,5,Jakarta Pusat,2378892,True,False,True,Jakarta Pusat,TOEX,https://inbox.tokopedia.com/reputation/v1/badge/shop/2378892,2020-07-02,Samsung A51
39,65,Handphone & Tablet,50,843075985,SAMSUNG A51 SOFT CASE SILIKON MICROFIBER LENTUR LEMBUT,,Rp42.000,42000,5,Jakarta Barat,3538595,True,True,True,Jakarta Barat,NICE CASE,https://inbox.tokopedia.com/reputation/v1/badge/shop/3538595,2020-07-02,Samsung A51
40,65,Handphone & Tablet,28,667942670,Tempered Glass Samsung Galaxy A51 Nillkin Anti Explosion H,,Rp119.000,119000,5,Bekasi,5283616,True,True,True,Bekasi,Nillkin Official,https://inbox.tokopedia.com/reputation/v1/badge/shop/5283616,2020-07-02,Samsung A51
41,65,Handphone & Tablet,78,667292703,TEMPERED GLASS KAMERA SAMSUNG A51 2020 - PELINDUNG KAMERA SAMSUNG A51,,Rp8.500,8500,5,Jakarta Utara,2488772,True,False,True,Jakarta Utara,BenuaCell,https://inbox.tokopedia.com/reputation/v1/badge/shop/2488772,2020-07-02,Samsung A51
42,65,Handphone & Tablet,31,676062261,Tempered Glass Samsung Galaxy A51 Anti Gores Kaca Warna Full Cover,,Rp25.000,25000,5,Jakarta Selatan,3392841,True,False,True,Jakarta Selatan,Hafis Shop Acc,https://inbox.tokopedia.com/reputation/v1/badge/shop/3392841,2020-07-02,Samsung A51
43,65,Handphone & Tablet,175,674368607,SAMSUNG GALAXY A51 RAM 6GB ROM 128GB GARANSI RESMI,,Rp4.399.000,4399000,5,Jakarta Utara,1966650,True,False,True,Jakarta Utara,Daton shop,https://inbox.tokopedia.com/reputation/v1/badge/shop/1966650,2020-07-02,Samsung A51
44,65,Handphone & Tablet,42,868370127,Case Samsung Galaxy A51 Deer Cloth,,Rp35.000,35000,5,Jakarta Barat,1274973,True,False,True,Jakarta Barat,Damaishop7,https://inbox.tokopedia.com/reputation/v1/badge/shop/1274973,2020-07-02,Samsung A51
45,65,Handphone & Tablet,32,668604543,SAMSUNG A51 / A71 CLEAR BACK HYDROGEL ANTI GORES BELAKANG,,Rp25.000,25000,5,Jakarta Pusat,6595375,True,False,True,Jakarta Pusat,Urban Story,https://inbox.tokopedia.com/reputation/v1/badge/shop/6595375,2020-07-02,Samsung A51
46,65,Handphone & Tablet,18,658740056,Hardcase nillkin frosted shield case Samsung Galaxy a51 - 53a0,,Rp75.000,75000,5,Jakarta Timur,102657,True,False,True,Jakarta Timur,waroenk aksesoris ori,https://inbox.tokopedia.com/reputation/v1/badge/shop/102657,2020-07-02,Samsung A51
47,65,Handphone & Tablet,142,761306609,SAMSUNG GALAXY A51 8/128 GB GARANSI RESMI SEIN,,Rp4.625.000,4625000,5,Jakarta Utara,1193946,True,False,True,Jakarta Utara,V-Store Pedia,https://inbox.tokopedia.com/reputation/v1/badge/shop/1193946,2020-07-02,Samsung A51
48,65,Handphone & Tablet,130,652852423,SAMSUNG A51 TEMPERED GLASS CAMERA ANTI GORES KAMERA,,Rp16.000,16000,5,Jakarta Pusat,6595375,True,False,True,Jakarta Pusat,Urban Story,https://inbox.tokopedia.com/reputation/v1/badge/shop/6595375,2020-07-02,Samsung A51
49,65,Handphone & Tablet,61,681167809,Samsung Galaxy A51 Soft Case Matte Armor Colored Froasted Macaron,,Rp25.000,25000,5,Jakarta Pusat,2933946,True,False,True,Jakarta Pusat,sense accessories,https://inbox.tokopedia.com/reputation/v1/badge/shop/2933946,2020-07-02,Samsung A51
50,65,Handphone & Tablet,65,797582208,Case Samsung Galaxy A51 Autofocus Invisible Iring Soft Case,Rp49.000,Rp35.000,35000,5,Jakarta Selatan,1137385,True,True,True,Jakarta Selatan,Jagonya Case,https://inbox.tokopedia.com/reputation/v1/badge/shop/1137385,2020-07-02,Samsung A51
51,65,Handphone & Tablet,22,656601411,Samsung Galaxy A51 [6 GB/ 128 GB] - Garansi Resmi,,Rp4.399.000,4399000,5,Jakarta Utara,3599398,True,False,True,Jakarta Utara,bomaaja,https://inbox.tokopedia.com/reputation/v1/badge/shop/3599398,2020-07-02,Samsung A51
52,65,Handphone & Tablet,19,617607831,Samsung A51 2019 -Isi 2 PhoneMe Full Cover Hydrogel,,Rp55.000,55000,5,Jakarta Barat,2203022,True,False,True,Jakarta Barat,PhoneMe Store Indonesia,https://inbox.tokopedia.com/reputation/v1/badge/shop/2203022,2020-07-02,Samsung A51
53,65,Handphone & Tablet,33,671254304,Case Samsung Galaxy A51 Hardcase Ring Carbon Thunder,,Rp39.000,39000,5,Bekasi,2912011,True,False,True,Bekasi,Caselova Store,https://inbox.tokopedia.com/reputation/v1/badge/shop/2912011,2020-07-02,Samsung A51
54,65,Handphone & Tablet,20,670158489,Nillkin Hard Case Samsung Galaxy A51 - Frosted Shield Black Casing Ori,Rp80.000,Rp79.200,79200,5,Bandung,92398,True,True,True,Bandung,Logay Accessories,https://inbox.tokopedia.com/reputation/v1/badge/shop/92398,2020-07-02,Samsung A51
55,65,Handphone & Tablet,25,728967564,Case Magnetic Samsung A51 Duoble Kaca depan belakang full Cover Ori,,Rp130.000,130000,5,Tangerang,5723804,True,False,True,Tangerang,AKTPONSEl,https://inbox.tokopedia.com/reputation/v1/badge/shop/5723804,2020-07-02,Samsung A51
56,65,Handphone & Tablet,15,737494350,LP Camera Tempered Glass Samsung Galaxy A51 - Cover Lensa Lens Kaca,Rp55.000,Rp54.450,54450,5,Bandung,92398,True,True,True,Bandung,Logay Accessories,https://inbox.tokopedia.com/reputation/v1/badge/shop/92398,2020-07-02,Samsung A51
57,65,Handphone & Tablet,121,735798065,Samsung Galaxy A51 Ram 6 Rom 128 ( 6/128) - Garansi Resmi,,Rp4.365.000,4365000,5,Jakarta Pusat,195553,True,True,True,Jakarta Pusat,Sinar Shop Jakarta,https://inbox.tokopedia.com/reputation/v1/badge/shop/195553,2020-07-02,Samsung A51
58,65,Handphone & Tablet,24,766603943,Samsung Galaxy A51 8/128 - RAM 8GB / ROM 128GB -Garansi Resmi-,,Rp4.555.000,4555000,5,Bekasi,4232077,True,False,True,Bekasi,Sinar Niaga Online Shop,https://inbox.tokopedia.com/reputation/v1/badge/shop/4232077,2020-07-02,Samsung A51
59,65,Handphone & Tablet,37,667681093,SAMSUNG A51 SOFT CASE SILIKON COVER SANDSTONE SCRUB COVER TIPIS KESET,,Rp42.000,42000,5,Jakarta Barat,3538595,True,True,True,Jakarta Barat,NICE CASE,https://inbox.tokopedia.com/reputation/v1/badge/shop/3538595,2020-07-02,Samsung A51
0,65,Handphone & Tablet,105,815247032,SAMSUNG A51 / A71 SOFT CASE SILICONE BACK COVER,,Rp30.000,30000,5,Jakarta Pusat,6595375,True,False,True,Jakarta Pusat,Urban Story,https://inbox.tokopedia.com/reputation/v1/badge/shop/6595375,2020-07-02,Samsung A51
1,65,Handphone & Tablet,24,679685824,Tempered Glass Samsung A51 Anti Gores Layar Dan Kamera,,Rp25.000,25000,5,Jakarta Barat,598553,True,False,True,Jakarta Barat,TalitaFaihaShop,https://inbox.tokopedia.com/reputation/v1/badge/shop/598553,2020-07-02,Samsung A51
2,65,Handphone & Tablet,25,767477352,Samsung Galaxy A51 Softcase Autofocus Invisible Ring Stand TPU Casing,,Rp50.000,50000,5,Jakarta Timur,2643002,True,False,True,Jakarta Timur,Aurora Phone,https://inbox.tokopedia.com/reputation/v1/badge/shop/2643002,2020-07-02,Samsung A51
3,65,Handphone & Tablet,155,690219889,Case Samsung Galaxy A51 / A71 Spigen Liquid Crystal Clear Casing,,Rp175.000,175000,5,Jakarta Barat,3586130,True,True,True,Jakarta Barat,Spigen Official,https://inbox.tokopedia.com/reputation/v1/badge/shop/3586130,2020-07-02,Samsung A51
4,65,Handphone & Tablet,57,658240647,TEMPERED GLASS FULL LEM 9D SAMSUNG A51 NEW 2020,,Rp7.000,7000,5,Jakarta Utara,2488772,True,False,True,Jakarta Utara,BenuaCell,https://inbox.tokopedia.com/reputation/v1/badge/shop/2488772,2020-07-02,Samsung A51
5,65,Handphone & Tablet,47,692614062,Samsung Galaxy A51 A71 Anti Gores Screen Protector Hydrogel,,Rp27.400,27400,5,Jakarta Pusat,5552386,True,False,True,Jakarta Pusat,bima sakti online store,https://inbox.tokopedia.com/reputation/v1/badge/shop/5552386,2020-07-02,Samsung A51
6,65,Handphone & Tablet,61,670760303,SKIN CARBON GARSKIN SAMSUNG A51 - ANTI GORES BELAKANG SAMSUNG A51,,Rp6.000,6000,5,Jakarta Utara,2488772,True,False,True,Jakarta Utara,BenuaCell,https://inbox.tokopedia.com/reputation/v1/badge/shop/2488772,2020-07-02,Samsung A51
7,65,Handphone & Tablet,29,794872585,FLIP COVER SAMSUNG A51 NEW WALLET LEATHER CASE COVER KULIT,,Rp70.000,70000,5,Tangerang,5723804,True,False,True,Tangerang,AKTPONSEl,https://inbox.tokopedia.com/reputation/v1/badge/shop/5723804,2020-07-02,Samsung A51
8,65,Handphone & Tablet,30,678146495,Aladoy Tempered Glass Layar Clear dan Camera Lens Samsung A51,,Rp18.000,18000,4,Jakarta Selatan,1869059,True,True,True,Jakarta Selatan,Aladoy Shop Acc,https://inbox.tokopedia.com/reputation/v1/badge/shop/1869059,2020-07-02,Samsung A51
9,65,Handphone & Tablet,31,653050339,SAMSUNG GALAXY A51 A515 HONEYCOMB ARMOR HARD CASE HYBRID RINGKE CLEAR,,Rp75.003,75003,5,Jakarta Pusat,4471375,True,False,True,Jakarta Pusat,Nillkin Store 888,https://inbox.tokopedia.com/reputation/v1/badge/shop/4471375,2020-07-02,Samsung A51
10,65,Handphone & Tablet,36,680830222,SAMSUNG A51 SM-A515F RAM 6GB ROM 128GB RESMI SEIN,,Rp4.279.000,4279000,5,Denpasar,3596604,True,False,True,Denpasar,ORIGINALONLY100,https://inbox.tokopedia.com/reputation/v1/badge/shop/3596604,2020-07-02,Samsung A51
11,65,Handphone & Tablet,8,764460812,SAMSUNG A51 HARD CASE HONEYCOMB ARMOR COVER HYBRID TPU FUZE,,Rp55.000,55000,5,Jakarta Barat,3538595,True,True,True,Jakarta Barat,NICE CASE,https://inbox.tokopedia.com/reputation/v1/badge/shop/3538595,2020-07-02,Samsung A51
12,65,Handphone & Tablet,19,928554383,Elegant Flip Cover Samsung A71 / A51 2020 Flip Case Clear View Digital,,Rp90.000,90000,5,Tangerang,4454624,True,False,True,Tangerang,Ananta olshop acc,https://inbox.tokopedia.com/reputation/v1/badge/shop/4454624,2020-07-02,Samsung A51
13,65,Handphone & Tablet,49,676123901,SAMSUNG Galaxy A51 6/128 - 6GB / 128GB - Garansi Resmi SEIN,,Rp4.358.000,4358000,5,Jakarta Barat,356292,True,False,True,Jakarta Barat,Muhan Shop,https://inbox.tokopedia.com/reputation/v1/badge/shop/356292,2020-07-02,Samsung A51
14,65,Handphone & Tablet,26,659254733,SAMSUNG A51 CASE ANTI CRACK FUZE ACRYLIC,,Rp17.500,17500,5,Jakarta Pusat,6595375,True,False,True,Jakarta Pusat,Urban Story,https://inbox.tokopedia.com/reputation/v1/badge/shop/6595375,2020-07-02,Samsung A51
15,65,Handphone & Tablet,51,679241094,SAMSUNG GALAXY A51 A515 SULADA LEATHER ORIGINAL HARD CASE SILICONE TPU,,Rp145.009,145009,5,Jakarta Pusat,4471375,True,False,True,Jakarta Pusat,Nillkin Store 888,https://inbox.tokopedia.com/reputation/v1/badge/shop/4471375,2020-07-02,Samsung A51
16,65,Handphone & Tablet,84,663748016,Original Premium Full Cover Tempered Glass Samsung Galaxy A51 A71 2020,,Rp64.000,64000,5,Jakarta Utara,1069973,True,False,True,Jakarta Utara,GadgetLifestyleShop,https://inbox.tokopedia.com/reputation/v1/badge/shop/1069973,2020-07-02,Samsung A51
17,65,Handphone & Tablet,52,666915701,"Case Samsung A51 (6,5"" ) SoftCase TPU Cloth Motif Jeans Premium",,Rp35.000,35000,5,Jakarta Selatan,585690,True,False,True,Jakarta Selatan,Putra Jakfar ACC,https://inbox.tokopedia.com/reputation/v1/badge/shop/585690,2020-07-02,Samsung A51
18,65,Handphone & Tablet,10,723271122,Case Samsung A51 Shockproof Armor Transparent Premium Hardcase,,Rp37.000,37000,5,Jakarta Selatan,1305690,True,False,True,Jakarta Selatan,Ghamastro,https://inbox.tokopedia.com/reputation/v1/badge/shop/1305690,2020-07-02,Samsung A51
19,65,Handphone & Tablet,111,713644026,Samsung A51 6/128Gb,,Rp4.345.000,4345000,5,Surabaya,5275576,True,False,True,Surabaya,metro cell wtc,https://inbox.tokopedia.com/reputation/v1/badge/shop/5275576,2020-07-02,Samsung A51
20,65,Handphone & Tablet,50,671641172,SAMSUNG A51 / A71 SOFT CASE PREMIUM MACARON LIST,,Rp29.000,29000,5,Jakarta Pusat,6595375,True,False,True,Jakarta Pusat,Urban Story,https://inbox.tokopedia.com/reputation/v1/badge/shop/6595375,2020-07-02,Samsung A51
21,65,Handphone & Tablet,21,726040671,Nillkin Hard Case CamShield - Samsung Galaxy A51,,Rp139.000,139000,5,Jakarta Timur,1788962,True,False,True,Jakarta Timur,PusatGadget,https://inbox.tokopedia.com/reputation/v1/badge/shop/1788962,2020-07-02,Samsung A51
22,65,Handphone & Tablet,58,679392286,SAMSUNG GALAXY A51 A515 CASE LEATHER FUNDOS ORIGINAL HARD SOFT SILIKON,,Rp125.003,125003,5,Jakarta Pusat,4471375,True,False,True,Jakarta Pusat,Nillkin Store 888,https://inbox.tokopedia.com/reputation/v1/badge/shop/4471375,2020-07-02,Samsung A51
23,65,Handphone & Tablet,11,656015875,Samsung Galaxy A51 [6 GB/ 128 GB] - Garansi Resmi,,Rp4.350.000,4350000,5,Jakarta Utara,481857,True,False,True,Jakarta Utara,Bafo,https://inbox.tokopedia.com/reputation/v1/badge/shop/481857,2020-07-02,Samsung A51
24,65,Handphone & Tablet,44,676700837,SAMSUNG GALAXY A51 A515 I-RING THUNDER ARMOR MAGNETIC HARD CASE CASING,,Rp49.001,49001,5,Jakarta Pusat,6104622,True,False,True,Jakarta Pusat,Alibaba Official Acc,https://inbox.tokopedia.com/reputation/v1/badge/shop/6104622,2020-07-02,Samsung A51
25,65,Handphone & Tablet,43,653170961,Tempered Glass Samsung A51 - Pelindung Layar Free Tempered Kamera,,Rp25.000,25000,5,Jakarta Selatan,349364,True,False,True,Jakarta Selatan,FahryOneMore,https://inbox.tokopedia.com/reputation/v1/badge/shop/349364,2020-07-02,Samsung A51
26,65,Handphone & Tablet,16,694453694,SAMSUNG GALAXY A51 A515 NILLKIN CP+PRO TEMPERED GLASS SCREEN GUARD 9H,,Rp135.000,135000,5,Jakarta Barat,1585189,True,False,True,Jakarta Barat,SmartBuy-Mart,https://inbox.tokopedia.com/reputation/v1/badge/shop/1585189,2020-07-02,Samsung A51
27,65,Handphone & Tablet,35,670737187,SAMSUNG A51 A515 NILLKIN NATURE ORIGINAL SOFT CASE SILIKON TPU COVER,,Rp65.000,65000,5,Jakarta Barat,1585189,True,False,True,Jakarta Barat,SmartBuy-Mart,https://inbox.tokopedia.com/reputation/v1/badge/shop/1585189,2020-07-02,Samsung A51
28,65,Handphone & Tablet,27,692032205,Charger Samsung Galaxy A51 Original 100% Fast Charging USB Type C,,Rp60.000,60000,5,Jakarta Barat,2005822,True,False,True,Jakarta Barat,Akira  Store,https://inbox.tokopedia.com/reputation/v1/badge/shop/2005822,2020-07-02,Samsung A51
29,65,Handphone & Tablet,11,678565471,Flip Cover Mirror /Clear View Standing SAMSUNG A51 2020,,Rp35.000,35000,5,Jakarta Pusat,5228136,True,False,True,Jakarta Pusat,Vormircase,https://inbox.tokopedia.com/reputation/v1/badge/shop/5228136,2020-07-02,Samsung A51
30,65,Handphone & Tablet,32,664694130,Samsung Galaxy A51 6/128 6gb 128GB Garansi Resmi,,Rp4.414.000,4414000,5,Jakarta Pusat,631036,True,True,True,Jakarta Pusat,Garasi.ku,https://inbox.tokopedia.com/reputation/v1/badge/shop/631036,2020-07-02,Samsung A51
31,65,Handphone & Tablet,69,668428256,Rearth Ringke Case Samsung Galaxy A51/A71 Fusion X AntiCrack Original,Rp230.000,Rp215.000,215000,5,Jakarta Utara,2723217,True,True,True,Jakarta Utara,Official Ringke Partner,https://inbox.tokopedia.com/reputation/v1/badge/shop/2723217,2020-07-02,Samsung A51
32,65,Handphone & Tablet,47,667830926,Case Samsung A51 Soft Case Ultra Slim Matte,,Rp17.000,17000,5,Jakarta Selatan,1869059,True,True,True,Jakarta Selatan,Aladoy Shop Acc,https://inbox.tokopedia.com/reputation/v1/badge/shop/1869059,2020-07-02,Samsung A51
33,65,Handphone & Tablet,18,659786141,CASE SAMSUNG A51 2020 HARDCASE SEMI TRANSLUCENT MATTE AERO,,Rp39.000,39000,5,Jakarta Barat,3538595,True,True,True,Jakarta Barat,NICE CASE,https://inbox.tokopedia.com/reputation/v1/badge/shop/3538595,2020-07-02,Samsung A51
34,65,Handphone & Tablet,21,680911988,TEMPERED GLASS SAMSUNG GALAXY A51 CLEAR FULL SCREEN ANTI GORES LAYAR,,Rp12.500,12500,4,Jakarta Pusat,6745959,True,False,True,Jakarta Pusat,grand-cell,https://inbox.tokopedia.com/reputation/v1/badge/shop/6745959,2020-07-02,Samsung A51
35,65,Handphone & Tablet,67,682324798,SAMSUNG GALAXY A51 A515 UME GLASS CASE ORIGINAL HARD TEMPERED 9H COVER,,Rp59.003,59003,5,Jakarta Pusat,4471375,True,False,True,Jakarta Pusat,Nillkin Store 888,https://inbox.tokopedia.com/reputation/v1/badge/shop/4471375,2020-07-02,Samsung A51
36,65,Handphone & Tablet,26,737713274,Samsung Galaxy A51 [6GB/128GB] - Garansi Resmi,,Rp4.359.000,4359000,5,Kab. Tangerang,2460479,True,False,True,Kab. Tangerang,Humaira Online,https://inbox.tokopedia.com/reputation/v1/badge/shop/2460479,2020-07-02,Samsung A51
37,65,Handphone & Tablet,25,778388559,SAMSUNG GALAXY A51 RAM 8/128 GRS RESMI SEIN,,Rp4.639.000,4639000,5,Jakarta Pusat,5982341,True,True,True,Jakarta Pusat,CMP phone,https://inbox.tokopedia.com/reputation/v1/badge/shop/5982341,2020-07-02,Samsung A51
38,65,Handphone & Tablet,107,658305292,SAMSUNG Galaxy A51 RAM 6/1268GB - Garansi Resmi SEIN 1 Tahun,,Rp4.499.000,4499000,5,Surabaya,2423635,True,True,True,Surabaya,Rejodadi Surabaya,https://inbox.tokopedia.com/reputation/v1/badge/shop/2423635,2020-07-02,Samsung A51
39,65,Handphone & Tablet,16,674047034,HYDROGEL SAMSUNG A51 2020 ANTI GORES DEPAN BELAKANG FULL COVER,,Rp69.000,69000,4,Jakarta Pusat,5686299,True,False,True,Jakarta Pusat,Snow Store8,https://inbox.tokopedia.com/reputation/v1/badge/shop/5686299,2020-07-02,Samsung A51
40,65,Handphone & Tablet,11,771300050,SAMSUNG GALAXY A51 9H Nano Flexible Glass Anti Gores BESTSUIT ORIGINAL,,Rp39.000,39000,5,Jakarta Utara,209487,True,False,True,Jakarta Utara,ROTI PANGGANG OnlineShop,https://inbox.tokopedia.com/reputation/v1/badge/shop/209487,2020-07-02,Samsung A51
41,65,Handphone & Tablet,9,776423374,WoodGrain Glass Case Samsung Galaxy A51 SamsungA51 Back Cover Casing,,Rp69.000,69000,5,Kab. Bogor,635839,True,False,True,Kab. Bogor,Akhe Online Shop,https://inbox.tokopedia.com/reputation/v1/badge/shop/635839,2020-07-02,Samsung A51
42,65,Handphone & Tablet,32,689606645,Camera Protector Samsung Galaxy A51 Exacoat - Matte Black (2pcs),,Rp40.000,40000,5,Bekasi,223231,True,True,True,Bekasi,unomax,https://inbox.tokopedia.com/reputation/v1/badge/shop/223231,2020-07-02,Samsung A51
43,65,Handphone & Tablet,3,782839797,Tempered Glass Samsung Galaxy A51 Tempered Glass Pelindung Camera,,Rp44.950,44950,5,Surabaya,3781585,True,False,True,Surabaya,Gemar Gadget,https://inbox.tokopedia.com/reputation/v1/badge/shop/3781585,2020-07-02,Samsung A51
44,65,Handphone & Tablet,13,869379302,Soft Case Samsung A51 Luxury Crystal Clear Ultra Thin,,Rp25.000,25000,5,Jakarta Barat,598553,True,False,True,Jakarta Barat,TalitaFaihaShop,https://inbox.tokopedia.com/reputation/v1/badge/shop/598553,2020-07-02,Samsung A51
45,65,Handphone & Tablet,61,671644769,SAMSUNG A51 / A71 SOFT CASE FABRIC DENIM COVER,,Rp55.000,55000,5,Jakarta Pusat,6595375,True,False,True,Jakarta Pusat,Urban Story,https://inbox.tokopedia.com/reputation/v1/badge/shop/6595375,2020-07-02,Samsung A51
46,65,Handphone & Tablet,33,652901107,Samsung A51 Back Skin Carbon Garskin Anti Gores Belakang,,Rp9.500,9500,5,Jakarta Pusat,3871322,True,False,True,Jakarta Pusat,factory acc,https://inbox.tokopedia.com/reputation/v1/badge/shop/3871322,2020-07-02,Samsung A51
47,65,Handphone & Tablet,10,734710503,Case Samsung Galaxy A51 ORIGINAL SUND Leather Hard Soft CASING Kulit,,Rp95.000,95000,5,Kab. Tangerang,5923674,True,False,True,Kab. Tangerang,Dunia Acesories phone,https://inbox.tokopedia.com/reputation/v1/badge/shop/5923674,2020-07-02,Samsung A51
48,65,Handphone & Tablet,27,670347213,Samsung Galaxy A51 Soft Case Premium Rugged SHIELD Armor Casing,,Rp60.000,60000,5,Jakarta Timur,2643002,True,False,True,Jakarta Timur,Aurora Phone,https://inbox.tokopedia.com/reputation/v1/badge/shop/2643002,2020-07-02,Samsung A51
49,65,Handphone & Tablet,10,661013317,Rubberized Hard Case Samsung Galaxy A51 - Frosted Shield Black Casing,Rp70.000,Rp69.300,69300,5,Bandung,92398,True,True,True,Bandung,Logay Accessories,https://inbox.tokopedia.com/reputation/v1/badge/shop/92398,2020-07-02,Samsung A51
50,65,Handphone & Tablet,26,691874009,SAMSUNG A51 RAM 6/128 GARANSI RESMI,,Rp4.389.000,4389000,5,Jakarta Selatan,6049900,True,False,True,Jakarta Selatan,Nilam (Nash),https://inbox.tokopedia.com/reputation/v1/badge/shop/6049900,2020-07-02,Samsung A51
51,65,Handphone & Tablet,6,672484179,SAMSUNG A51 CASE PREMIUM MAGNETIC Glass Case Casing Kaca,,Rp35.000,35000,5,Jakarta Utara,2971586,True,False,True,Jakarta Utara,xrbshop168,https://inbox.tokopedia.com/reputation/v1/badge/shop/2971586,2020-07-02,Samsung A51
52,65,Handphone & Tablet,23,698479736,Flip Cover Clear View Type HP SAMSUNG A51,,Rp27.500,27500,5,Jakarta Pusat,6835052,True,False,True,Jakarta Pusat,Grosir Murah AccHp,https://inbox.tokopedia.com/reputation/v1/badge/shop/6835052,2020-07-02,Samsung A51
53,65,Handphone & Tablet,47,682312110,SAMSUNG GALAXY A51 A515 UME ECO ORIGINAL HARD CASE SOFT TOUCH HARDCASE,,Rp45.000,45000,5,Jakarta Pusat,4471375,True,False,True,Jakarta Pusat,Nillkin Store 888,https://inbox.tokopedia.com/reputation/v1/badge/shop/4471375,2020-07-02,Samsung A51
54,65,Handphone & Tablet,167,660831515,Case Samsung Galaxy A51 / A71 Ringke FUSION X Anti Crack Tough Casing,,Rp215.000,215000,5,Jakarta Barat,192939,True,True,True,Jakarta Barat,Unicase Store,https://inbox.tokopedia.com/reputation/v1/badge/shop/192939,2020-07-02,Samsung A51
55,65,Handphone & Tablet,17,741771613,Pelindung Kamera Samsung Galaxy A51 Tempered Glass Camera,,Rp12.900,12900,5,Bekasi,2912011,True,False,True,Bekasi,Caselova Store,https://inbox.tokopedia.com/reputation/v1/badge/shop/2912011,2020-07-02,Samsung A51
56,65,Handphone & Tablet,9,661007513,LP HD Hydrogel Screen Guard Samsung Galaxy A51 - Antigores Clear Ori,Rp75.000,Rp74.250,74250,5,Bandung,92398,True,True,True,Bandung,Logay Accessories,https://inbox.tokopedia.com/reputation/v1/badge/shop/92398,2020-07-02,Samsung A51
57,65,Handphone & Tablet,32,656794236,Samsung A51 Flip Case Clear View Standing Cover,,Rp45.000,45000,5,Jakarta Pusat,3871322,True,False,True,Jakarta Pusat,factory acc,https://inbox.tokopedia.com/reputation/v1/badge/shop/3871322,2020-07-02,Samsung A51
58,65,Handphone & Tablet,26,686716265,Case Samsung A51 Armor Casing Ipaky Soft Silikon Casing Belakang,,Rp16.500,16500,5,Jakarta Pusat,6745959,True,False,True,Jakarta Pusat,grand-cell,https://inbox.tokopedia.com/reputation/v1/badge/shop/6745959,2020-07-02,Samsung A51
59,65,Handphone & Tablet,7,774243518,Samsung A51 Rugged Shield Army Military Silicone Premium Shock Case,,Rp45.000,45000,5,Jakarta Barat,139019,True,False,True,Jakarta Barat,Megascarlet,https://inbox.tokopedia.com/reputation/v1/badge/shop/139019,2020-07-02,Samsung A51
0,65,Handphone & Tablet,44,655064699,SAMSUNG A51 TEMPERED GLASS FULL COVER FULL SCREEN ANTI GORES KACA,,Rp15.000,15000,5,Jakarta Pusat,6595375,True,False,True,Jakarta Pusat,Urban Story,https://inbox.tokopedia.com/reputation/v1/badge/shop/6595375,2020-07-02,Samsung A51
1,65,Handphone & Tablet,67,690219498,Case Samsung Galaxy A51 / A71 Spigen Liquid Crystal Glitter Casing,,Rp185.000,185000,5,Jakarta Barat,3586130,True,True,True,Jakarta Barat,Spigen Official,https://inbox.tokopedia.com/reputation/v1/badge/shop/3586130,2020-07-02,Samsung A51
2,65,Handphone & Tablet,52,676686091,SAMSUNG GALAXY A51 A515 LEATHER HARD CASE FUNDOS SOFT KULIT COVER TPU,,Rp125.001,125001,5,Jakarta Pusat,6104622,True,False,True,Jakarta Pusat,Alibaba Official Acc,https://inbox.tokopedia.com/reputation/v1/badge/shop/6104622,2020-07-02,Samsung A51
3,65,Handphone & Tablet,46,682307323,SAMSUNG GALAXY A51 A515 UME AURORA GLASS ORIGINAL HARD CASE TEMPERED,,Rp59.003,59003,5,Jakarta Pusat,4471375,True,False,True,Jakarta Pusat,Nillkin Store 888,https://inbox.tokopedia.com/reputation/v1/badge/shop/4471375,2020-07-02,Samsung A51
4,65,Handphone & Tablet,47,747062406,Tempered Glass Samsung A51 anti gores pelindung lensa kamera CAMERA,,Rp14.900,14900,5,Jakarta Barat,1042576,True,False,True,Jakarta Barat,Case Pedia,https://inbox.tokopedia.com/reputation/v1/badge/shop/1042576,2020-07-02,Samsung A51
5,65,Handphone & Tablet,23,669788425,Samsung A51 / A71 Clear Back Skin Anti Gores Belakang Bening,,Rp25.000,25000,5,Jakarta Pusat,3871322,True,False,True,Jakarta Pusat,factory acc,https://inbox.tokopedia.com/reputation/v1/badge/shop/3871322,2020-07-02,Samsung A51
6,65,Handphone & Tablet,27,737330828,SAMSUNG GALAXY A51 Case Focus Premium Softcase Transparant Casing,,Rp22.500,22500,5,Jakarta Utara,209487,True,False,True,Jakarta Utara,ROTI PANGGANG OnlineShop,https://inbox.tokopedia.com/reputation/v1/badge/shop/209487,2020-07-02,Samsung A51
7,65,Handphone & Tablet,15,673670895,Samsung Galaxy A51 2020 6GB/128GB Baru Segel Garansi Resmi SEIN,,Rp4.339.000,4339000,5,Tangerang Selatan,1825083,True,False,True,Tangerang Selatan,GhaniahShop,https://inbox.tokopedia.com/reputation/v1/badge/shop/1825083,2020-07-02,Samsung A51
8,65,Handphone & Tablet,15,650262506,SAMSUNG GALAXY A51 - NILLKIN TEMPERED GLASS (AMAZING H),,Rp110.000,110000,5,Tangerang,3631073,True,False,True,Tangerang,infinyshop,https://inbox.tokopedia.com/reputation/v1/badge/shop/3631073,2020-07-02,Samsung A51
9,65,Handphone & Tablet,22,656614208,Samsung Galaxy A51/A71Tempered Glass Camera Anti Gores Kamera Benin,,Rp8.500,8500,4,Jakarta Pusat,2933946,True,False,True,Jakarta Pusat,sense accessories,https://inbox.tokopedia.com/reputation/v1/badge/shop/2933946,2020-07-02,Samsung A51
10,65,Handphone & Tablet,214,656183557,SAMSUNG GALAXY A51 6/128 GB GARANSI RESMI SEIN,,Rp4.340.000,4340000,5,Jakarta Utara,1193946,True,False,True,Jakarta Utara,V-Store Pedia,https://inbox.tokopedia.com/reputation/v1/badge/shop/1193946,2020-07-02,Samsung A51
11,65,Handphone & Tablet,36,655066797,Nillkin Samsung Galaxy A51 - Nature TPU Case,,Rp65.000,65000,5,Tangerang,295692,True,False,True,Tangerang,MRC Phone Shop,https://inbox.tokopedia.com/reputation/v1/badge/shop/295692,2020-07-02,Samsung A51
12,65,Handphone & Tablet,46,670807110,Samsung Galaxy A51 Ram 6Gb Rom 128Gb Garansi Resmi Sein 1 Tahun,,Rp4.350.000,4350000,5,Surabaya,522082,True,False,True,Surabaya,Elite jaya,https://inbox.tokopedia.com/reputation/v1/badge/shop/522082,2020-07-02,Samsung A51
13,65,Handphone & Tablet,40,676827486,Case Samsung A51 casing full cover tempered glass metal kaca MAGNETIC,,Rp69.000,69000,5,Jakarta Barat,1042576,True,False,True,Jakarta Barat,Case Pedia,https://inbox.tokopedia.com/reputation/v1/badge/shop/1042576,2020-07-02,Samsung A51
14,65,Handphone & Tablet,37,667302944,Full Tempered Glass Samsung A51 / A71 Mocolo Anti Gores Screen Guard,,Rp125.000,125000,5,Jakarta Barat,1501112,True,False,True,Jakarta Barat,GadkeyCom,https://inbox.tokopedia.com/reputation/v1/badge/shop/1501112,2020-07-02,Samsung A51
15,65,Handphone & Tablet,19,691531464,Case SAMSUNG Galaxy A51 leather flip cover wallet kulit,,Rp65.000,65000,5,Jakarta Utara,6365597,True,False,True,Jakarta Utara,FerraruACC,https://inbox.tokopedia.com/reputation/v1/badge/shop/6365597,2020-07-02,Samsung A51
16,65,Handphone & Tablet,40,690214655,Screen Protector Samsung Galaxy A51 / A71 Ringke Dual Easy Full Screen,,Rp150.000,150000,5,Jakarta Barat,192939,True,True,True,Jakarta Barat,Unicase Store,https://inbox.tokopedia.com/reputation/v1/badge/shop/192939,2020-07-02,Samsung A51
17,65,Handphone & Tablet,13,726031059,Gradient Glass Case Samsung Galaxy A51 SamsungA51 Back Cover Casing,,Rp69.000,69000,5,Kab. Bogor,1460092,True,False,True,Kab. Bogor,A and A Shop,https://inbox.tokopedia.com/reputation/v1/badge/shop/1460092,2020-07-02,Samsung A51
18,65,Handphone & Tablet,29,673580786,SAMSUNG GALAXY A51 6/128GB GARANSI RESMI,,Rp4.385.000,4385000,5,Jakarta Barat,145446,True,True,True,Jakarta Barat,KEDAI HP,https://inbox.tokopedia.com/reputation/v1/badge/shop/145446,2020-07-02,Samsung A51
19,65,Handphone & Tablet,14,661223385,Flip Cover Nillkin Qin Leather Samsung Galaxy A51 Cover Ori Casing,,Rp125.000,125000,5,Tangerang,6155201,True,False,True,Tangerang,Unipro Store,https://inbox.tokopedia.com/reputation/v1/badge/shop/6155201,2020-07-02,Samsung A51
20,65,Handphone & Tablet,7,686389109,Samsung Galaxy A51 2020 Hardcase Nilkin Frosted (Free Stand Hp),,Rp70.000,70000,5,Jakarta Barat,3220465,True,False,True,Jakarta Barat,NICO ACC,https://inbox.tokopedia.com/reputation/v1/badge/shop/3220465,2020-07-02,Samsung A51
21,65,Handphone & Tablet,8,755688648,PAKET Tempered Glass Samsung A51 + Tepered Glass Camera Lens Protector,,Rp29.000,29000,5,Jakarta Selatan,1869059,True,True,True,Jakarta Selatan,Aladoy Shop Acc,https://inbox.tokopedia.com/reputation/v1/badge/shop/1869059,2020-07-02,Samsung A51
22,65,Handphone & Tablet,15,663942522,softcase liquid Samsung a51 case candy anti noda soft case silicon,,Rp65.000,65000,5,Jakarta Utara,1180197,True,False,True,Jakarta Utara,yalen shop,https://inbox.tokopedia.com/reputation/v1/badge/shop/1180197,2020-07-02,Samsung A51
23,65,Handphone & Tablet,39,643060415,Pine Tempered Glass Samsung A51 Full Cover Black Free Stylus,,Rp49.000,49000,5,Jakarta Utara,1304460,True,False,True,Jakarta Utara,Pine Premium Gadget Acc,https://inbox.tokopedia.com/reputation/v1/badge/shop/1304460,2020-07-02,Samsung A51
24,65,Handphone & Tablet,44,791493386,Samsung Galaxy A51 8/128 GB Garansi Resmi SEIN,,Rp4.610.000,4610000,5,Jakarta Pusat,342169,True,True,True,Jakarta Pusat,Gudang-HP,https://inbox.tokopedia.com/reputation/v1/badge/shop/342169,2020-07-02,Samsung A51
25,65,Handphone & Tablet,16,749923771,Samsung Galaxy A51 [8GB/128GB] Free Cable Data Type C - Garansi Resmi,,Rp4.579.000,4579000,5,Jakarta Pusat,405517,True,True,True,Jakarta Pusat,SUPER_GADGET,https://inbox.tokopedia.com/reputation/v1/badge/shop/405517,2020-07-02,Samsung A51
26,65,Handphone & Tablet,16,664771551,Tempered Glass Bening Good Quality Screen Guard Samsung Galaxy A51/A71,,Rp5.000,5000,4,Jakarta Pusat,2933946,True,False,True,Jakarta Pusat,sense accessories,https://inbox.tokopedia.com/reputation/v1/badge/shop/2933946,2020-07-02,Samsung A51
27,65,Handphone & Tablet,8,666396074,Premium 2in1 Case Magnetic Glass Transparant For Type Samsung A51,,Rp40.000,40000,5,Jakarta Pusat,6835052,True,False,True,Jakarta Pusat,Grosir Murah AccHp,https://inbox.tokopedia.com/reputation/v1/badge/shop/6835052,2020-07-02,Samsung A51
28,65,Handphone & Tablet,4,675776643,Paket 2 In 1 Tempered Glass Samsung Galaxy A51,,Rp18.000,18000,5,Jakarta Selatan,2986899,True,False,True,Jakarta Selatan,CreativeCase,https://inbox.tokopedia.com/reputation/v1/badge/shop/2986899,2020-07-02,Samsung A51
29,65,Handphone & Tablet,53,677218641,SAMSUNG GALAXY A51 A515 SOFT CASE MACARON LIST ORI JELLY SOFTCASE TPU,,Rp45.000,45000,5,Jakarta Pusat,370843,True,False,True,Jakarta Pusat,MrThebest,https://inbox.tokopedia.com/reputation/v1/badge/shop/370843,2020-07-02,Samsung A51
30,65,Handphone & Tablet,33,655079464,SAMSUNG A51 TEMPERED GLASS CLEAR ANTI GORES KACA,,Rp10.000,10000,4,Jakarta Pusat,6595375,True,False,True,Jakarta Pusat,Urban Story,https://inbox.tokopedia.com/reputation/v1/badge/shop/6595375,2020-07-02,Samsung A51
31,65,Handphone & Tablet,16,655372155,SAMSUNG A51 FLIP CASE CLEAR VIEW STANDING COVER,,Rp45.000,45000,5,Jakarta Pusat,6595375,True,False,True,Jakarta Pusat,Urban Story,https://inbox.tokopedia.com/reputation/v1/badge/shop/6595375,2020-07-02,Samsung A51
32,65,Handphone & Tablet,15,687609354,Samsung A51 - A71 garskin anti gores belakang screen guard SKIN CARBON,,Rp9.900,9900,5,Jakarta Barat,1042576,True,False,True,Jakarta Barat,Case Pedia,https://inbox.tokopedia.com/reputation/v1/badge/shop/1042576,2020-07-02,Samsung A51
33,65,Handphone & Tablet,25,716117069,Clear View Samsung A51 2020 New Flip Mirror Case Casing Standing Cover,,Rp32.500,32500,5,Jakarta Utara,7788255,True,False,True,Jakarta Utara,Indo Fast Acc,https://inbox.tokopedia.com/reputation/v1/badge/shop/7788255,2020-07-02,Samsung A51
34,65,Handphone & Tablet,20,656184257,Samsung Galaxy A51 - 6GB/128GB - Garansi Resmi,,Rp4.375.000,4375000,5,Jakarta Timur,312816,True,True,True,Jakarta Timur,ucell cempaka,https://inbox.tokopedia.com/reputation/v1/badge/shop/312816,2020-07-02,Samsung A51
35,65,Handphone & Tablet,13,670426749,SAMSUNG GALAXY A51 A515 ANTI GORES DEPAN SCREEN GUARD CLEAR HYDROGEL,,Rp59.003,59003,5,Jakarta Pusat,4471375,True,False,True,Jakarta Pusat,Nillkin Store 888,https://inbox.tokopedia.com/reputation/v1/badge/shop/4471375,2020-07-02,Samsung A51
36,65,Handphone & Tablet,34,668495093,SAMSUNG A51 / A71 BACK SKIN AURORA ANTI GORES BELAKANG,,Rp15.000,15000,5,Jakarta Pusat,6595375,True,False,True,Jakarta Pusat,Urban Story,https://inbox.tokopedia.com/reputation/v1/badge/shop/6595375,2020-07-02,Samsung A51
37,65,Handphone & Tablet,20,677215721,SAMSUNG GALAXY A51 A515 HYDROGEL SPY ANTI GORES SCREEN GUARD PRIVACY,,Rp65.000,65000,4,Jakarta Pusat,370843,True,False,True,Jakarta Pusat,MrThebest,https://inbox.tokopedia.com/reputation/v1/badge/shop/370843,2020-07-02,Samsung A51
38,65,Handphone & Tablet,31,718834464,Samsung Galaxy A51 6/128 garansi resmi sein,,Rp4.350.000,4350000,5,Medan,307035,True,False,True,Medan,ace cellular,https://inbox.tokopedia.com/reputation/v1/badge/shop/307035,2020-07-02,Samsung A51
39,65,Handphone & Tablet,39,676737678,SAMSUNG GALAXY A51 A515 TEMPERED GLASS CAMERA BACK SCREEN GUARD KAMERA,,Rp28.999,28999,5,Jakarta Pusat,6104622,True,False,True,Jakarta Pusat,Alibaba Official Acc,https://inbox.tokopedia.com/reputation/v1/badge/shop/6104622,2020-07-02,Samsung A51
40,65,Handphone & Tablet,56,765716286,Samsung Galaxy A51 8/128 Resmi SEIN 1 Tahun,,Rp4.625.000,4625000,5,Bekasi,1375058,True,False,True,Bekasi,TriStar 68 Cell,https://inbox.tokopedia.com/reputation/v1/badge/shop/1375058,2020-07-02,Samsung A51
41,65,Handphone & Tablet,174,680573282,Original RINGKE Fusion X Case Samsung Galaxy A51 / A71 2020 - Casing,,Rp215.000,215000,5,Jakarta Utara,1069973,True,False,True,Jakarta Utara,GadgetLifestyleShop,https://inbox.tokopedia.com/reputation/v1/badge/shop/1069973,2020-07-02,Samsung A51
42,65,Handphone & Tablet,35,678785358,SAMSUNG A51 / A71 TEMPERED GLASS PRIVACY ANTI SPY FULL COVER,,Rp39.000,39000,5,Jakarta Pusat,6595375,True,False,True,Jakarta Pusat,Urban Story,https://inbox.tokopedia.com/reputation/v1/badge/shop/6595375,2020-07-02,Samsung A51
43,65,Handphone & Tablet,21,792161968,Samsung Galaxy A51 8GB/128GB A 51 8/128GB 8/128 Resmi-SEIN-Black-Hitam,,Rp4.650.000,4650000,5,Jakarta Selatan,3252295,True,False,True,Jakarta Selatan,MI WORLD,https://inbox.tokopedia.com/reputation/v1/badge/shop/3252295,2020-07-02,Samsung A51
44,65,Handphone & Tablet,12,692664426,"Nillkin Samsung Galaxy A51 Camshield Case , Casing Pelindung Camera",,Rp120.000,120000,5,Bekasi,2929555,True,False,True,Bekasi,Bobby TM,https://inbox.tokopedia.com/reputation/v1/badge/shop/2929555,2020-07-02,Samsung A51
45,65,Handphone & Tablet,67,682310732,SAMSUNG GALAXY A51 A515 UME HYBRID ORIGINAL CASE SOFT ANTI CRACK TPU,,Rp55.003,55003,5,Jakarta Pusat,4471375,True,False,True,Jakarta Pusat,Nillkin Store 888,https://inbox.tokopedia.com/reputation/v1/badge/shop/4471375,2020-07-02,Samsung A51
46,65,Handphone & Tablet,13,670883244,GARSKIN SKIN AURORA SAMSUNG A51 - ANTI GORES BELAKANG SAMSUNG A51,,Rp15.000,15000,5,Jakarta Utara,2488772,True,False,True,Jakarta Utara,BenuaCell,https://inbox.tokopedia.com/reputation/v1/badge/shop/2488772,2020-07-02,Samsung A51
47,65,Handphone & Tablet,25,652855470,SAMSUNG A51 BACK SKIN CARBON GARSKIN ANTI GORES BELAKANG,,Rp9.500,9500,5,Jakarta Pusat,6595375,True,False,True,Jakarta Pusat,Urban Story,https://inbox.tokopedia.com/reputation/v1/badge/shop/6595375,2020-07-02,Samsung A51
48,65,Handphone & Tablet,14,663810036,Case Samsung Galaxy A51 Nillkin Qin Leather Flip,,Rp149.000,149000,5,Bekasi,5283616,True,True,True,Bekasi,Nillkin Official,https://inbox.tokopedia.com/reputation/v1/badge/shop/5283616,2020-07-02,Samsung A51
49,65,Handphone & Tablet,7,679198105,Samsung Galaxy A51 Flip Clear View Standing Cover Mirror Case Casing,,Rp65.000,65000,5,Jakarta Utara,2952581,True,False,True,Jakarta Utara,17 Agustus,https://inbox.tokopedia.com/reputation/v1/badge/shop/2952581,2020-07-02,Samsung A51
50,65,Handphone & Tablet,18,672848132,Samsung Galaxy A51 Premium 2in1 Magnetic Glass Transparant Case A51,,Rp65.000,65000,5,Jakarta Timur,2643002,True,False,True,Jakarta Timur,Aurora Phone,https://inbox.tokopedia.com/reputation/v1/badge/shop/2643002,2020-07-02,Samsung A51
51,65,Handphone & Tablet,14,670160955,Nillkin H-Plus Pro Glass Samsung Galaxy A51 - Tempered Original Kaca,Rp140.000,Rp138.600,138600,5,Bandung,92398,True,True,True,Bandung,Logay Accessories,https://inbox.tokopedia.com/reputation/v1/badge/shop/92398,2020-07-02,Samsung A51
52,65,Handphone & Tablet,38,676414202,SAMSUNG GALAXY A51 A515 LUXURY LEATHER RING HARD SOFT CASE STAND COVER,,Rp69.000,69000,5,Jakarta Pusat,370843,True,False,True,Jakarta Pusat,MrThebest,https://inbox.tokopedia.com/reputation/v1/badge/shop/370843,2020-07-02,Samsung A51
53,65,Handphone & Tablet,13,664807157,Shock Gradient Case Samsung Galaxy A51 - Original Clear Soft Bening,Rp70.000,Rp69.300,69300,5,Bandung,92398,True,True,True,Bandung,Logay Accessories,https://inbox.tokopedia.com/reputation/v1/badge/shop/92398,2020-07-02,Samsung A51
54,65,Handphone & Tablet,21,708368301,Clear View Samsung A51/A71/A80/A90/A6/A6+ Flip Mirror Case Standing,,Rp32.500,32500,5,Jakarta Utara,7788255,True,False,True,Jakarta Utara,Indo Fast Acc,https://inbox.tokopedia.com/reputation/v1/badge/shop/7788255,2020-07-02,Samsung A51
55,65,Handphone & Tablet,23,852650434,Samsung Galaxy A51 A71 New Flip Cover Clear View Wallet Casing Dompet,,Rp26.500,26500,5,Jakarta Pusat,2933946,True,False,True,Jakarta Pusat,sense accessories,https://inbox.tokopedia.com/reputation/v1/badge/shop/2933946,2020-07-02,Samsung A51
56,65,Handphone & Tablet,10,680994637,Samsung A51 Hydrogel Screen Protector Anti Gores Layar,,Rp30.000,30000,5,Jakarta Pusat,3871322,True,False,True,Jakarta Pusat,factory acc,https://inbox.tokopedia.com/reputation/v1/badge/shop/3871322,2020-07-02,Samsung A51
57,65,Handphone & Tablet,20,667937692,Tempered Glass Samsung Galaxy A51 Nillkin Anti Explosion CP+ Pro,,Rp179.000,179000,5,Bekasi,5283616,True,True,True,Bekasi,Nillkin Official,https://inbox.tokopedia.com/reputation/v1/badge/shop/5283616,2020-07-02,Samsung A51
58,65,Handphone & Tablet,8,720205428,Case Samsung A51 Hard Casing Original MAGNETIC GLASS DEPAN+BELAKANG,,Rp125.000,125000,5,Kab. Tangerang,5923674,True,False,True,Kab. Tangerang,Dunia Acesories phone,https://inbox.tokopedia.com/reputation/v1/badge/shop/5923674,2020-07-02,Samsung A51
59,65,Handphone & Tablet,11,689781590,flip SAMSUNG Galaxy A51 2020 Case Clear View Mirror Standing Cover,,Rp75.000,75000,5,Jakarta Utara,2597682,True,False,True,Jakarta Utara,LegendaryACC,https://inbox.tokopedia.com/reputation/v1/badge/shop/2597682,2020-07-02,Samsung A51
0,65,Handphone & Tablet,9,723210028,Nillkin CP Plus Max 3D Glass Samsung Galaxy A51 - Tempered Original,Rp160.000,Rp158.400,158400,5,Bandung,92398,True,True,True,Bandung,Logay Accessories,https://inbox.tokopedia.com/reputation/v1/badge/shop/92398,2020-07-02,Samsung A51
1,65,Handphone & Tablet,9,735763997,Tempered Glass Camera Samsung A51 - Anti Gores Kamera Samsung A51,,Rp7.500,7500,5,Jakarta Utara,3721112,True,False,True,Jakarta Utara,Surya Cell Sparepart,https://inbox.tokopedia.com/reputation/v1/badge/shop/3721112,2020-07-02,Samsung A51
2,65,Handphone & Tablet,41,676827301,Case Samsung A51 softcase casing hp back cover botega tpu grid WOVEN,,Rp29.000,29000,5,Jakarta Barat,1042576,True,False,True,Jakarta Barat,Case Pedia,https://inbox.tokopedia.com/reputation/v1/badge/shop/1042576,2020-07-02,Samsung A51
3,65,Handphone & Tablet,4,728310778,Samsung A51 Baby skin hard case casing hp ultra thin cover,,Rp39.900,39900,5,Jakarta Barat,1439175,True,False,True,Jakarta Barat,importking,https://inbox.tokopedia.com/reputation/v1/badge/shop/1439175,2020-07-02,Samsung A51
4,65,Handphone & Tablet,85,754265236,Case Samsung Galaxy A51 / A71 Ringke Fusion X Original Casing,,Rp195.000,195000,5,Jakarta Utara,463435,True,False,True,Jakarta Utara,HW Store Jakarta,https://inbox.tokopedia.com/reputation/v1/badge/shop/463435,2020-07-02,Samsung A51
5,65,Handphone & Tablet,10,681817462,Tempred Glass Full Glue SAMSUNG A51,,Rp15.000,15000,5,Jakarta Pusat,3948159,True,False,True,Jakarta Pusat,Mayana Acc 29,https://inbox.tokopedia.com/reputation/v1/badge/shop/3948159,2020-07-02,Samsung A51
6,65,Handphone & Tablet,7,789584636,GOOSPERY Samsung Galaxy A51 A515 Mercury Silicon Case,,Rp129.000,129000,5,Kab. Tangerang,2638959,True,True,True,Kab. Tangerang,Goospery Indonesia,https://inbox.tokopedia.com/reputation/v1/badge/shop/2638959,2020-07-02,Samsung A51
7,65,Handphone & Tablet,28,716113400,SAMSUNG A51 MAGNETIC CASE TEMPERED GLASS BACK COVER,,Rp55.000,55000,5,Jakarta Pusat,6595375,True,False,True,Jakarta Pusat,Urban Story,https://inbox.tokopedia.com/reputation/v1/badge/shop/6595375,2020-07-02,Samsung A51
8,65,Handphone & Tablet,33,867132152,Tempered Glass Samsung Galaxy A51 / A71 Spigen AlignMaster Full Cover,,Rp195.000,195000,5,Jakarta Barat,3586130,True,True,True,Jakarta Barat,Spigen Official,https://inbox.tokopedia.com/reputation/v1/badge/shop/3586130,2020-07-02,Samsung A51
9,65,Handphone & Tablet,30,840113985,SAMSUNG GALAXY A51 CASE AERO HARDCASE TRANSPARAN CASING BUMPER SILIKON,,Rp75.000,75000,5,Jakarta Utara,1693206,True,False,True,Jakarta Utara,7dayAcc,https://inbox.tokopedia.com/reputation/v1/badge/shop/1693206,2020-07-02,Samsung A51
10,65,Handphone & Tablet,11,706241597,Case Samsung A51 2020 Hardcase Frameless Transparan Matte Fingger,,Rp35.000,35000,5,Jakarta Selatan,1410985,True,False,True,Jakarta Selatan,Bejo Case,https://inbox.tokopedia.com/reputation/v1/badge/shop/1410985,2020-07-02,Samsung A51
11,65,Handphone & Tablet,52,677212691,SAMSUNG GALAXY A51 A515 TEMPERED GLASS SCREEN CAMERA LENS KAMERA COVER,,Rp23.000,23000,5,Jakarta Pusat,370843,True,False,True,Jakarta Pusat,MrThebest,https://inbox.tokopedia.com/reputation/v1/badge/shop/370843,2020-07-02,Samsung A51
12,65,Handphone & Tablet,30,652891587,Samsung A51 Tempered Glass Camera Anti Gores Kamera,,Rp19.000,19000,5,Jakarta Pusat,3871322,True,False,True,Jakarta Pusat,factory acc,https://inbox.tokopedia.com/reputation/v1/badge/shop/3871322,2020-07-02,Samsung A51
13,65,Handphone & Tablet,95,688708575,Samsung Galaxy A51 Ram 6/128GB Garansi Resmi SEIN,,Rp4.360.000,4360000,5,Jakarta Barat,856804,True,False,True,Jakarta Barat,OVANST0RE,https://inbox.tokopedia.com/reputation/v1/badge/shop/856804,2020-07-02,Samsung A51
14,65,Handphone & Tablet,16,678147491,Aladoy Tempered Glass Layar dan Camera Lens Samsung Galaxy A51,,Rp18.000,18000,5,Jakarta Selatan,1869059,True,True,True,Jakarta Selatan,Aladoy Shop Acc,https://inbox.tokopedia.com/reputation/v1/badge/shop/1869059,2020-07-02,Samsung A51
15,65,Handphone & Tablet,6,686885647,Tempred Glass Bening Samsung A51,,Rp10.000,10000,5,Jakarta Pusat,3948159,True,False,True,Jakarta Pusat,Mayana Acc 29,https://inbox.tokopedia.com/reputation/v1/badge/shop/3948159,2020-07-02,Samsung A51
16,65,Handphone & Tablet,8,714411582,Case Samsung Galaxy A51 Synthetic Fiber Protective Carbon,,Rp29.000,29000,5,Bekasi,2912011,True,False,True,Bekasi,Caselova Store,https://inbox.tokopedia.com/reputation/v1/badge/shop/2912011,2020-07-02,Samsung A51
17,65,Handphone & Tablet,25,693493998,SAMSUNG GALAXY A51 A515 TEMPERED GLASS SPY FULL FRAME SCREEN PROTECTOR,,Rp89.003,89003,5,Jakarta Pusat,4471375,True,False,True,Jakarta Pusat,Nillkin Store 888,https://inbox.tokopedia.com/reputation/v1/badge/shop/4471375,2020-07-02,Samsung A51
18,65,Handphone & Tablet,14,671427651,Samsung Galaxy A51 6/128 Gb Garansi Resmi SEIN,,Rp4.350.000,4350000,5,Surabaya,2254690,True,False,True,Surabaya,KleCell,https://inbox.tokopedia.com/reputation/v1/badge/shop/2254690,2020-07-02,Samsung A51
19,65,Handphone & Tablet,99,654392332,Case Samsung Galaxy A51 Rugged Armor Silicone Carbon Soft Casing,,Rp69.000,69000,5,Jakarta Utara,1304460,True,False,True,Jakarta Utara,Pine Premium Gadget Acc,https://inbox.tokopedia.com/reputation/v1/badge/shop/1304460,2020-07-02,Samsung A51
20,65,Handphone & Tablet,8,712947575,Case Magnet Samsung A51 2020 Case Magnetic Depan Belakang/Double Glass,,Rp130.000,130000,5,Tangerang,7544867,True,False,True,Tangerang,LanjayAcc99,https://inbox.tokopedia.com/reputation/v1/badge/shop/7544867,2020-07-02,Samsung A51
21,65,Handphone & Tablet,19,654098127,Samsung A51 Tempered Glass 2.5D Anti Gores Kaca,,Rp10.000,10000,5,Jakarta Pusat,3871322,True,False,True,Jakarta Pusat,factory acc,https://inbox.tokopedia.com/reputation/v1/badge/shop/3871322,2020-07-02,Samsung A51
22,65,Handphone & Tablet,11,678686671,Full Cover Tempered Glass Warna 5D / 6D / 9D Samsung Galaxy A51,,Rp19.000,19000,5,Bekasi,2912011,True,False,True,Bekasi,Caselova Store,https://inbox.tokopedia.com/reputation/v1/badge/shop/2912011,2020-07-02,Samsung A51
23,65,Handphone & Tablet,68,673647883,Samsung A51 6/128 Garansi Resmi Samsung Indonesia,,Rp4.398.000,4398000,5,Medan,123586,True,False,True,Medan,IDOLA COM,https://inbox.tokopedia.com/reputation/v1/badge/shop/123586,2020-07-02,Samsung A51
24,65,Handphone & Tablet,9,667012615,Elegant Full Cover Samsung A51 2020 Flip Case Dux Ducis Original,,Rp135.000,135000,5,Tangerang,4454624,True,False,True,Tangerang,Ananta olshop acc,https://inbox.tokopedia.com/reputation/v1/badge/shop/4454624,2020-07-02,Samsung A51
25,65,Handphone & Tablet,15,686200407,Flip Case Samsung Gaalaxy A51 Clear View Cover Mirror Standing Case,,Rp60.000,60000,5,Jakarta Timur,2643002,True,False,True,Jakarta Timur,Aurora Phone,https://inbox.tokopedia.com/reputation/v1/badge/shop/2643002,2020-07-02,Samsung A51
26,65,Handphone & Tablet,16,662896630,Hard Case Nillkin Samsung Galaxy A51 (Free Stand Hp),,Rp75.000,75000,5,Jakarta Pusat,374475,True,False,True,Jakarta Pusat,Honeycomb,https://inbox.tokopedia.com/reputation/v1/badge/shop/374475,2020-07-02,Samsung A51
27,65,Handphone & Tablet,77,642545038,Case Samsung Galaxy A51 A71 RINGKE Fusion X Anti Crack Casing ORIGINAL,,Rp209.000,209000,5,Jakarta Timur,2254487,True,False,True,Jakarta Timur,826x Store,https://inbox.tokopedia.com/reputation/v1/badge/shop/2254487,2020-07-02,Samsung A51
28,65,Handphone & Tablet,8,774538330,SAMSUNG A51 Tempred Glass Full Lem Blue Light / Anti Finger,,Rp25.000,25000,5,Jakarta Pusat,3948159,True,False,True,Jakarta Pusat,Mayana Acc 29,https://inbox.tokopedia.com/reputation/v1/badge/shop/3948159,2020-07-02,Samsung A51
29,65,Handphone & Tablet,30,671201525,SAMSUNG GALAXY A51 A515 SOFT CASE PLATING ORIGINAL LIST CROME COVER,,Rp39.000,39000,5,Jakarta Pusat,370843,True,False,True,Jakarta Pusat,MrThebest,https://inbox.tokopedia.com/reputation/v1/badge/shop/370843,2020-07-02,Samsung A51
30,65,Handphone & Tablet,19,677277598,Case Samsung A51 Autofocus Leather Case Softcase Auto focus Soft case,,Rp5.250,5250,5,Jakarta Utara,623987,True,False,True,Jakarta Utara,MoniQueenShop,https://inbox.tokopedia.com/reputation/v1/badge/shop/623987,2020-07-02,Samsung A51
31,65,Handphone & Tablet,10,727018142,Hard Case Nillkin CamShield Samsung Galaxy A51 Silicone Ori Casing,,Rp125.000,125000,5,Tangerang,6155201,True,False,True,Tangerang,Unipro Store,https://inbox.tokopedia.com/reputation/v1/badge/shop/6155201,2020-07-02,Samsung A51
32,65,Handphone & Tablet,64,684613521,Samsung Galaxy A51 6/128 Ram 6gb Rom 128gb Garansi Resmi SEIN,,Rp4.469.000,4469000,5,Jakarta Pusat,3465010,True,True,True,Jakarta Pusat,Kreasindo Online,https://inbox.tokopedia.com/reputation/v1/badge/shop/3465010,2020-07-02,Samsung A51
33,65,Handphone & Tablet,7,774279639,Samsung A51 Honeycomb Hybrid Rugged Clear Shock Armor Case Shockproof,,Rp45.000,45000,5,Jakarta Barat,139019,True,False,True,Jakarta Barat,Megascarlet,https://inbox.tokopedia.com/reputation/v1/badge/shop/139019,2020-07-02,Samsung A51
34,65,Handphone & Tablet,6,742872787,Flip Cover Samsung A51 2020/A515 Case Wallet Leather CASEME ORIGINAL,,Rp115.000,115000,5,Tangerang,7544867,True,False,True,Tangerang,LanjayAcc99,https://inbox.tokopedia.com/reputation/v1/badge/shop/7544867,2020-07-02,Samsung A51
35,65,Handphone & Tablet,11,743872026,Tempered Glass Full Cover 6D 9D Samsung Galaxy A51 A71Full Screen Kaca,,Rp7.000,7000,4,Jakarta Pusat,2933946,True,False,True,Jakarta Pusat,sense accessories,https://inbox.tokopedia.com/reputation/v1/badge/shop/2933946,2020-07-02,Samsung A51
36,65,Handphone & Tablet,11,658123517,Samsung Galaxy A51 Clearview Standing Cover Flip Mirror Case Sarung,,Rp50.000,50000,5,Jakarta Pusat,1527227,True,False,True,Jakarta Pusat,"artic ocean
artic ocean",https://inbox.tokopedia.com/reputation/v1/badge/shop/1527227,2020-07-02,Samsung A51
37,65,Handphone & Tablet,13,607825642,Charger Samsung Galaxy A20s A30s A51 ORIGINAL 100% Fast Charging USB C,,Rp55.000,55000,5,Jakarta Pusat,2313844,True,False,True,Jakarta Pusat,Arto moro cell Part II,https://inbox.tokopedia.com/reputation/v1/badge/shop/2313844,2020-07-02,Samsung A51
38,65,Handphone & Tablet,31,676941788,[ PREMIUM ] Leather Samsung A51 Casing Softcase Slim Case,,Rp45.000,45000,5,Jakarta Barat,1038502,True,False,True,Jakarta Barat,SVL Communication,https://inbox.tokopedia.com/reputation/v1/badge/shop/1038502,2020-07-02,Samsung A51
39,65,Handphone & Tablet,14,698196660,Silikon Jelly Case Bahan Tebal Bening Casing Samsung Galaxy A51,,Rp16.800,16800,5,Jakarta Pusat,1494534,True,False,True,Jakarta Pusat,wenz acc,https://inbox.tokopedia.com/reputation/v1/badge/shop/1494534,2020-07-02,Samsung A51
40,65,Handphone & Tablet,28,652948563,SAMSUNG GALAXY A51 A515 PLATING ORIGINAL JELLY SOFT CASE ULTRA SLIM,,Rp29.003,29003,5,Jakarta Pusat,4471375,True,False,True,Jakarta Pusat,Nillkin Store 888,https://inbox.tokopedia.com/reputation/v1/badge/shop/4471375,2020-07-02,Samsung A51
41,65,Handphone & Tablet,7,673242187,Nillkin Tempered Glass Samsung Galaxy A51 H+Pro Full Clear,,Rp110.000,110000,5,Surabaya,5902225,True,False,True,Surabaya,ArmiTech,https://inbox.tokopedia.com/reputation/v1/badge/shop/5902225,2020-07-02,Samsung A51
42,65,Handphone & Tablet,5,714358592,Tempered Glass Samsung A51 9D full cover glue lem,,Rp25.000,25000,5,Jakarta Selatan,402573,True,False,True,Jakarta Selatan,Tookita,https://inbox.tokopedia.com/reputation/v1/badge/shop/402573,2020-07-02,Samsung A51
43,65,Handphone & Tablet,35,673602355,Soft Case Samsung Galaxy A51 Nillkin Nature TPU,,Rp85.000,85000,5,Bekasi,5283616,True,True,True,Bekasi,Nillkin Official,https://inbox.tokopedia.com/reputation/v1/badge/shop/5283616,2020-07-02,Samsung A51
44,65,Handphone & Tablet,50,656279665,Samsung Galaxy A51 6/128,,Rp4.375.000,4375000,5,Bekasi,1375058,True,False,True,Bekasi,TriStar 68 Cell,https://inbox.tokopedia.com/reputation/v1/badge/shop/1375058,2020-07-02,Samsung A51
45,65,Handphone & Tablet,5,758445489,SAMSUNG A51 SOFT CASE SILIKON BRACKET AUTOFOCUS ORIGINAL WITH RING,,Rp50.000,50000,5,Jakarta Barat,3538595,True,True,True,Jakarta Barat,NICE CASE,https://inbox.tokopedia.com/reputation/v1/badge/shop/3538595,2020-07-02,Samsung A51
46,65,Handphone & Tablet,26,665533003,SAMSUNG GALAXY A51 A515 TEMPERED GLASS CLEAR SCREEN GUARD BENING 9H,,Rp50.003,50003,4,Jakarta Pusat,4471375,True,False,True,Jakarta Pusat,Nillkin Store 888,https://inbox.tokopedia.com/reputation/v1/badge/shop/4471375,2020-07-02,Samsung A51
47,65,Handphone & Tablet,12,683596692,SAMSUNG A51 LUXURY WALLET LEATHER CASE DOMPET CASING STANDING COVER,,Rp37.500,37500,5,Jakarta Pusat,6745959,True,False,True,Jakarta Pusat,grand-cell,https://inbox.tokopedia.com/reputation/v1/badge/shop/6745959,2020-07-02,Samsung A51
48,65,Handphone & Tablet,9,698640686,SAMSUNG A70 A71 A51 Tempered Glass/ Anti Gores Kaca Full Lem 5D/9D,,Rp7.500,7500,4,Jakarta Utara,6325062,True,False,True,Jakarta Utara,Unicorn Acc Hp,https://inbox.tokopedia.com/reputation/v1/badge/shop/6325062,2020-07-02,Samsung A51
49,65,Handphone & Tablet,21,680971259,CASE SAMSUNG A51 - SLIM LEATHER CASE AUTOFOCUS SAMSUNG A51 NEW 2020,,Rp10.000,10000,5,Jakarta Utara,2488772,True,False,True,Jakarta Utara,BenuaCell,https://inbox.tokopedia.com/reputation/v1/badge/shop/2488772,2020-07-02,Samsung A51
50,65,Handphone & Tablet,5,764279522,Samsung A51 Flip Cover Wallet LEATHER Caseme Original,,Rp115.000,115000,5,Tangerang,7739867,True,False,True,Tangerang,MakmurAcc Jaya,https://inbox.tokopedia.com/reputation/v1/badge/shop/7739867,2020-07-02,Samsung A51
51,65,Handphone & Tablet,20,678816440,Case Samsung A51 - Dux Ducis Premium Flip Leather Casing Original,,Rp138.000,138000,5,Jakarta Barat,2266150,True,False,True,Jakarta Barat,a&amp;h original,https://inbox.tokopedia.com/reputation/v1/badge/shop/2266150,2020-07-02,Samsung A51
52,65,Handphone & Tablet,14,679979928,Flip Case Samsung galaxy A51 Clear View Mirror standing Cover,,Rp70.000,70000,5,Jakarta Utara,2496110,True,False,True,Jakarta Utara,Vinvend ACC,https://inbox.tokopedia.com/reputation/v1/badge/shop/2496110,2020-07-02,Samsung A51
53,65,Handphone & Tablet,10,671145782,Hikaru Anti Gores Kaca Tempered Glass Samsung Galaxy A51,,Rp25.000,25000,5,Jakarta Selatan,118958,True,False,True,Jakarta Selatan,SnowAcc,https://inbox.tokopedia.com/reputation/v1/badge/shop/118958,2020-07-02,Samsung A51
54,65,Handphone & Tablet,12,729015889,Garskin Carbon Samsung A51 A71 Skin Back 3D Anti Gores Belakang,,Rp3.000,3000,5,Jakarta Barat,580520,True,False,True,Jakarta Barat,Michellisto,https://inbox.tokopedia.com/reputation/v1/badge/shop/580520,2020-07-02,Samsung A51
55,65,Handphone & Tablet,5,699422253,Clear View Samsung A51 Flip Case Standing Cover Oppo Samsung A51,,Rp27.500,27500,5,Jakarta Pusat,7032099,True,False,True,Jakarta Pusat,LOTUS ACCESORIESS,https://inbox.tokopedia.com/reputation/v1/badge/shop/7032099,2020-07-02,Samsung A51
56,65,Handphone & Tablet,16,671319332,SAMSUNG GALAXY A51 A71 Casing Anti Crack Fuze Softcase,,Rp19.900,19900,5,Jakarta Pusat,5552386,True,False,True,Jakarta Pusat,bima sakti online store,https://inbox.tokopedia.com/reputation/v1/badge/shop/5552386,2020-07-02,Samsung A51
57,65,Handphone & Tablet,9,794597967,Case Samsung A51 Anti Crack Case Casing soft case Anticrack,,Rp3.750,3750,5,Jakarta Utara,623987,True,False,True,Jakarta Utara,MoniQueenShop,https://inbox.tokopedia.com/reputation/v1/badge/shop/623987,2020-07-02,Samsung A51
58,65,Handphone & Tablet,10,658701955,Samsung Galaxy A51 Tempered Glass Full Screen Protection - Anti Gores,,Rp37.000,37000,5,Jakarta Timur,2643002,True,False,True,Jakarta Timur,Aurora Phone,https://inbox.tokopedia.com/reputation/v1/badge/shop/2643002,2020-07-02,Samsung A51
59,65,Handphone & Tablet,17,668850136,SAMSUNG GALAXY A51 A515 TEMPERED GLASS PELINDUNG CAMERA LENS KAMERA,,Rp25.005,25005,5,Jakarta Pusat,3924579,True,False,True,Jakarta Pusat,Best accesories hp,https://inbox.tokopedia.com/reputation/v1/badge/shop/3924579,2020-07-02,Samsung A51
0,65,Handphone & Tablet,6,677224018,Tempered Glass Untuk Samsung Galaxy A51 + TG Lensa Camera,,Rp25.000,25000,5,Jakarta Selatan,1586489,True,False,True,Jakarta Selatan,Deso Case,https://inbox.tokopedia.com/reputation/v1/badge/shop/1586489,2020-07-02,Samsung A51
1,65,Handphone & Tablet,8,683075551,kabel data charger TYPE c Samsung a51 fast charging original,,Rp38.500,38500,5,Jakarta Utara,1180197,True,False,True,Jakarta Utara,yalen shop,https://inbox.tokopedia.com/reputation/v1/badge/shop/1180197,2020-07-02,Samsung A51
2,65,Handphone & Tablet,131,671075700,SAMSUNG GALAXY A51 A515 TEMPERED GLASS CAMERA LENS PROTECTOR KAMERA 9H,,Rp29.001,29001,5,Jakarta Pusat,2738585,False,False,False,Jakarta Pusat,Markas acc 88,https://inbox.tokopedia.com/reputation/v1/badge/shop/2738585,2020-07-02,Samsung A51
3,65,Handphone & Tablet,8,788062823,Samsung Galaxy A51 Ram 8/128 GB - Garansi Resmi,,Rp4.620.000,4620000,5,Jakarta Pusat,195553,True,True,True,Jakarta Pusat,Sinar Shop Jakarta,https://inbox.tokopedia.com/reputation/v1/badge/shop/195553,2020-07-02,Samsung A51
4,65,Handphone & Tablet,19,663927909,SAMSUNG A51 SOFT CASE ULTRA CLEAR,,Rp17.500,17500,5,Jakarta Pusat,6595375,True,False,True,Jakarta Pusat,Urban Story,https://inbox.tokopedia.com/reputation/v1/badge/shop/6595375,2020-07-02,Samsung A51
5,65,Handphone & Tablet,22,682303505,SAMSUNG GALAXY A51 A515 UME LIQUID LATEX GLASS ORIGINAL CASE TEMPERED,,Rp65.003,65003,5,Jakarta Pusat,4471375,True,False,True,Jakarta Pusat,Nillkin Store 888,https://inbox.tokopedia.com/reputation/v1/badge/shop/4471375,2020-07-02,Samsung A51
6,65,Handphone & Tablet,13,667779395,Samsung A51 A 51 Soft Case Autofocus With i-ring Original,,Rp50.000,50000,5,Jakarta Utara,524075,True,False,True,Jakarta Utara,i-case,https://inbox.tokopedia.com/reputation/v1/badge/shop/524075,2020-07-02,Samsung A51
7,65,Handphone & Tablet,8,773109642,Samsung A51 Silicone Ring Stand Luxury Soft Gel Rugged Armor Case,,Rp40.000,40000,5,Jakarta Barat,139019,True,False,True,Jakarta Barat,Megascarlet,https://inbox.tokopedia.com/reputation/v1/badge/shop/139019,2020-07-02,Samsung A51
8,65,Handphone & Tablet,11,679740365,Paket Tempered Glass Bening Samsung A51,,Rp20.000,20000,5,Jakarta Barat,1102908,True,False,True,Jakarta Barat,YantiFaihaShop,https://inbox.tokopedia.com/reputation/v1/badge/shop/1102908,2020-07-02,Samsung A51
9,65,Handphone & Tablet,29,686623320,Case Samsung A51 Hardcase Cover,,Rp35.000,35000,5,Jakarta Selatan,1957118,True,False,True,Jakarta Selatan,TOPCASE,https://inbox.tokopedia.com/reputation/v1/badge/shop/1957118,2020-07-02,Samsung A51
10,65,Handphone & Tablet,23,670269191,2 Pcs MAXFEEL Soft Tempered Glass Camera Kamera Samsung A51,,Rp48.000,48000,5,Jakarta Selatan,1103560,True,False,True,Jakarta Selatan,J Original,https://inbox.tokopedia.com/reputation/v1/badge/shop/1103560,2020-07-02,Samsung A51
11,65,Handphone & Tablet,4,692117757,Kabel Data Samsung Galaxy A51 Original 100% Fast Charging USB Type C,,Rp24.000,24000,5,Jakarta Barat,2005822,True,False,True,Jakarta Barat,Akira  Store,https://inbox.tokopedia.com/reputation/v1/badge/shop/2005822,2020-07-02,Samsung A51
12,65,Handphone & Tablet,19,828387937,SAMSUNG GALAXY A51 RAM 6GB - 128GB GARANSI RESMI,,Rp4.330.000,4330000,5,Jakarta Barat,1821092,True,False,True,Jakarta Barat,BUDI CATUAZ-X,https://inbox.tokopedia.com/reputation/v1/badge/shop/1821092,2020-07-02,Samsung A51
13,65,Handphone & Tablet,19,645018168,SAMSUNG GALAXY A51 A515 GARSKIN CARBON ANTI GORES BACK SCREEN HYDROGEL,,Rp35.003,35003,5,Jakarta Pusat,4471375,True,False,True,Jakarta Pusat,Nillkin Store 888,https://inbox.tokopedia.com/reputation/v1/badge/shop/4471375,2020-07-02,Samsung A51
14,65,Handphone & Tablet,14,809771585,Samsung A51 6/128 GB RESMI SEIN,,Rp4.599.000,4599000,5,Bandung,5795137,True,False,True,Bandung,cellular7BEC,https://inbox.tokopedia.com/reputation/v1/badge/shop/5795137,2020-07-02,Samsung A51
15,65,Handphone & Tablet,31,664745625,SAMSUNG GALAXY A51 CASE SOFTCASE SANDSTONE SCRUB SILIKON SUPER THIN,,Rp55.000,55000,5,Jakarta Utara,1693206,True,False,True,Jakarta Utara,7dayAcc,https://inbox.tokopedia.com/reputation/v1/badge/shop/1693206,2020-07-02,Samsung A51
16,65,Handphone & Tablet,5,791223594,Case Magnetic Samsung A51 Transparant Premium Glass 2in1,,Rp40.000,40000,5,Jakarta Pusat,6782442,True,False,True,Jakarta Pusat,BintangAccGrosir,https://inbox.tokopedia.com/reputation/v1/badge/shop/6782442,2020-07-02,Samsung A51
17,65,Handphone & Tablet,8,736633655,Case Samsung Galaxy A51 Case GKK Original,,Rp55.000,55000,5,Jakarta Selatan,780880,True,False,True,Jakarta Selatan,BENNY ACC,https://inbox.tokopedia.com/reputation/v1/badge/shop/780880,2020-07-02,Samsung A51
18,65,Handphone & Tablet,9,681207788,Samsung Galaxy A51 Case Autofocus Carbon Leather Case Auto Focus,,Rp5.000,5000,5,Jakarta Pusat,2933946,True,False,True,Jakarta Pusat,sense accessories,https://inbox.tokopedia.com/reputation/v1/badge/shop/2933946,2020-07-02,Samsung A51
19,65,Handphone & Tablet,16,672168581,Mr.Acc TEMPER GLASS MATTE ANTI BLUE + ANTI GLARE SAMSUNG A51 NEW 2020,,Rp21.000,21000,4,Jakarta Utara,2488772,True,False,True,Jakarta Utara,BenuaCell,https://inbox.tokopedia.com/reputation/v1/badge/shop/2488772,2020-07-02,Samsung A51
20,65,Handphone & Tablet,16,768480838,SAMSUNG GALAXY A51 RAM 8/128 GB GARANSI RESMI,,Rp4.599.000,4599000,5,Jakarta Pusat,1832130,True,False,True,Jakarta Pusat,Q-Store Pedia,https://inbox.tokopedia.com/reputation/v1/badge/shop/1832130,2020-07-02,Samsung A51
21,65,Handphone & Tablet,24,679241381,SAMSUNG GALAXY A51 A515 TEMPERED GLASS FRAME 88D FILM ANTI GORES KACA,,Rp47.503,47503,5,Jakarta Pusat,4471375,True,False,True,Jakarta Pusat,Nillkin Store 888,https://inbox.tokopedia.com/reputation/v1/badge/shop/4471375,2020-07-02,Samsung A51
22,65,Handphone & Tablet,53,650072402,SAMSUNG GALAXY A51 A515 AERO CASE MATTE FUZE HARD SOFT SHOCKPROOF TPU,,Rp130.000,130000,5,Jakarta Pusat,4471375,True,False,True,Jakarta Pusat,Nillkin Store 888,https://inbox.tokopedia.com/reputation/v1/badge/shop/4471375,2020-07-02,Samsung A51
23,65,Handphone & Tablet,7,672531384,Samsung Galaxy A51 6/128 Ram 6GB Internal 128GB Garansi Resmi,,Rp4.370.000,4370000,5,Jakarta Pusat,648372,True,True,True,Jakarta Pusat,dk-cell,https://inbox.tokopedia.com/reputation/v1/badge/shop/648372,2020-07-02,Samsung A51
24,65,Handphone & Tablet,6,706314002,Samsung Galaxy A51 6/128 Gb,,Rp4.360.000,4360000,5,Tangerang,5793800,True,False,True,Tangerang,BCA MOBILE,https://inbox.tokopedia.com/reputation/v1/badge/shop/5793800,2020-07-02,Samsung A51
25,65,Handphone & Tablet,33,676364835,SAMSUNG GALAXY A51 A515 CASE AUTO FOCUS LEATHER COVER ORIGINAL CASING,,Rp55.003,55003,5,Jakarta Pusat,4471375,True,False,True,Jakarta Pusat,Nillkin Store 888,https://inbox.tokopedia.com/reputation/v1/badge/shop/4471375,2020-07-02,Samsung A51
26,65,Handphone & Tablet,15,763499046,CASE SAMSUNG GALAXY A51 ORIGINAL SUND LEATHER SOFT HARD CASING KULIT,,Rp95.000,95000,5,Kab. Tangerang,7821617,True,False,True,Kab. Tangerang,GARUDA777,https://inbox.tokopedia.com/reputation/v1/badge/shop/7821617,2020-07-02,Samsung A51
27,65,Handphone & Tablet,12,679066534,Tempered Glass Samsung A51 + Tg Anti Gores Lensa Camera pelindung,,Rp24.000,24000,4,Jakarta Selatan,585690,True,False,True,Jakarta Selatan,Putra Jakfar ACC,https://inbox.tokopedia.com/reputation/v1/badge/shop/585690,2020-07-02,Samsung A51
28,65,Handphone & Tablet,95,799975217,Samsung Galaxy A51 8/128 Garansi Resmi 1 Tahun,,Rp4.599.000,4599000,5,Jakarta Pusat,915171,True,False,True,Jakarta Pusat,KINGSTAR ONLINE,https://inbox.tokopedia.com/reputation/v1/badge/shop/915171,2020-07-02,Samsung A51
29,65,Handphone & Tablet,24,717625983,SAMSUNG GALAXY A51 A515 FUZE ULTRA HYBRID HARD CASE ARMOR COVER BENING,,Rp80.003,80003,5,Jakarta Pusat,4471375,True,False,True,Jakarta Pusat,Nillkin Store 888,https://inbox.tokopedia.com/reputation/v1/badge/shop/4471375,2020-07-02,Samsung A51
30,65,Handphone & Tablet,14,674835577,Lensa Camera Tempered Glass Samsung A51 2020,,Rp11.000,11000,5,Jakarta Selatan,585690,True,False,True,Jakarta Selatan,Putra Jakfar ACC,https://inbox.tokopedia.com/reputation/v1/badge/shop/585690,2020-07-02,Samsung A51
31,65,Handphone & Tablet,10,732713281,Case Samsung A51 A71 Transformer i Ring Stand Magnetic Holder Hard Cas,,Rp35.000,35000,5,Jakarta Barat,580520,True,False,True,Jakarta Barat,Michellisto,https://inbox.tokopedia.com/reputation/v1/badge/shop/580520,2020-07-02,Samsung A51
32,65,Handphone & Tablet,15,670315658,Samsung A51 - MAXFEEL Hydrogel Screen Protector Depan Belakang,,Rp68.000,68000,5,Jakarta Selatan,1103560,True,False,True,Jakarta Selatan,J Original,https://inbox.tokopedia.com/reputation/v1/badge/shop/1103560,2020-07-02,Samsung A51
33,65,Handphone & Tablet,51,699051892,Softcase Leather SVL Case for Samsung A51 Casing Slim [ NEW ],,Rp55.000,55000,5,Jakarta Barat,1038502,True,False,True,Jakarta Barat,SVL Communication,https://inbox.tokopedia.com/reputation/v1/badge/shop/1038502,2020-07-02,Samsung A51
34,65,Handphone & Tablet,8,681014678,Samsung A51 / A71 Tempered Glass Privacy Anti Spy Full Cover,,Rp39.000,39000,5,Jakarta Pusat,3871322,True,False,True,Jakarta Pusat,factory acc,https://inbox.tokopedia.com/reputation/v1/badge/shop/3871322,2020-07-02,Samsung A51
35,65,Handphone & Tablet,17,678974506,SAMSUNG GALAXY A51 A515 TEMPERED GLASS 19D FULL FRAME SCREEN GUARD 3D,,Rp78.999,78999,5,Jakarta Pusat,6104622,True,False,True,Jakarta Pusat,Alibaba Official Acc,https://inbox.tokopedia.com/reputation/v1/badge/shop/6104622,2020-07-02,Samsung A51
36,65,Handphone & Tablet,8,678632686,SAMSUNG GALAXY A51 TEMPERED GLASS ANTI UV / BLUE LIGHT,,Rp34.500,34500,5,Jakarta Utara,1693206,True,False,True,Jakarta Utara,7dayAcc,https://inbox.tokopedia.com/reputation/v1/badge/shop/1693206,2020-07-02,Samsung A51
37,65,Handphone & Tablet,4,684347253,Slim Case Ume eco Samsung Galaxy A51 Baby Skin ORI UME HARDCASE Slim,,Rp24.500,24500,5,Kab. Bekasi,401579,True,False,True,Kab. Bekasi,Tom-Merchandise,https://inbox.tokopedia.com/reputation/v1/badge/shop/401579,2020-07-02,Samsung A51
38,60,Elektronik,1,940358815,Handsfree Headset Earphone Samsung A51 Jack 3.5mm 100% Original,,Rp50.000,50000,5,Jakarta Pusat,1427461,True,False,True,Jakarta Pusat,88 Mart,https://inbox.tokopedia.com/reputation/v1/badge/shop/1427461,2020-07-02,Samsung A51
39,65,Handphone & Tablet,4,696622199,SOFTCASE SAMSUNG A51/A71 SILICONE CANDY SUPERTHIN,,Rp14.900,14900,5,Bogor,7187130,True,False,True,Bogor,alicell21,https://inbox.tokopedia.com/reputation/v1/badge/shop/7187130,2020-07-02,Samsung A51
40,65,Handphone & Tablet,23,667639185,A51 Nano Glass Samsung - Soft Tempered glass flexible samsung a51 ori,,Rp45.000,45000,5,Jakarta Utara,524075,True,False,True,Jakarta Utara,i-case,https://inbox.tokopedia.com/reputation/v1/badge/shop/524075,2020-07-02,Samsung A51
41,65,Handphone & Tablet,26,658371563,SAMSUNG GALAXY A51 A515 DENIM CAFELE FABRIC JEANS HARD SOFT CASE COVER,,Rp95.005,95005,5,Jakarta Pusat,3924579,True,False,True,Jakarta Pusat,Best accesories hp,https://inbox.tokopedia.com/reputation/v1/badge/shop/3924579,2020-07-02,Samsung A51
42,65,Handphone & Tablet,12,690700964,Samsung Galaxy A51 Skin Carbon Garskin Anti Gores Belakang,,Rp5.000,5000,4,Jakarta Pusat,2933946,True,False,True,Jakarta Pusat,sense accessories,https://inbox.tokopedia.com/reputation/v1/badge/shop/2933946,2020-07-02,Samsung A51
43,65,Handphone & Tablet,9,725837808,Gradient Glass Case Samsung Galaxy A51 SamsungA51 Back Cover Casing,,Rp69.000,69000,5,Kab. Bogor,635839,True,False,True,Kab. Bogor,Akhe Online Shop,https://inbox.tokopedia.com/reputation/v1/badge/shop/635839,2020-07-02,Samsung A51
44,65,Handphone & Tablet,10,651556884,Nillkin Samsung Galaxy A51 - Tempered Glass Amazing H,,Rp110.000,110000,5,Tangerang,295692,True,False,True,Tangerang,MRC Phone Shop,https://inbox.tokopedia.com/reputation/v1/badge/shop/295692,2020-07-02,Samsung A51
45,65,Handphone & Tablet,7,753243044,CASING SAMSUNG GALAXY A51-A71 WOVEN LINE LEATHER SOFT CASE BACK COVER,,Rp39.000,39000,5,Jakarta Barat,343245,True,False,True,Jakarta Barat,arterycircle,https://inbox.tokopedia.com/reputation/v1/badge/shop/343245,2020-07-02,Samsung A51
46,65,Handphone & Tablet,14,679757255,Samsung Galaxy A51 [ 6/128GB ] Garansi Resmi,,Rp4.450.000,4450000,5,Jakarta Pusat,871971,True,True,True,Jakarta Pusat,PRISMA ROXY,https://inbox.tokopedia.com/reputation/v1/badge/shop/871971,2020-07-02,Samsung A51
47,65,Handphone & Tablet,2,666839409,SKIN ANTI GORES SAMSUNG A51 2020 BELAKANG HYDROGEL BACK COVER,,Rp39.000,39000,5,Jakarta Pusat,364688,True,False,True,Jakarta Pusat,xul_shop,https://inbox.tokopedia.com/reputation/v1/badge/shop/364688,2020-07-02,Samsung A51
48,65,Handphone & Tablet,17,686100334,SAMSUNG A51 / A71 SOFT CASE BRUSHED CARBON,,Rp22.500,22500,5,Jakarta Pusat,6595375,True,False,True,Jakarta Pusat,Urban Story,https://inbox.tokopedia.com/reputation/v1/badge/shop/6595375,2020-07-02,Samsung A51
49,65,Handphone & Tablet,21,673562568,SAMSUNG GALAXY A51 A515 HYDROGEL SPY SCREEN PROTECTOR ANTI GORES FILM,,Rp75.003,75003,5,Jakarta Pusat,4471375,True,False,True,Jakarta Pusat,Nillkin Store 888,https://inbox.tokopedia.com/reputation/v1/badge/shop/4471375,2020-07-02,Samsung A51
50,65,Handphone & Tablet,2,790874247,Case Samsung Galaxy A51 Invisible Ring Transparent Kickstand,,Rp55.000,55000,5,Bekasi,2912011,True,False,True,Bekasi,Caselova Store,https://inbox.tokopedia.com/reputation/v1/badge/shop/2912011,2020-07-02,Samsung A51
51,65,Handphone & Tablet,25,867041840,Tempered Glass Samsung Galaxy A51 / A71 Spigen Glas tR Full Cover,,Rp185.000,185000,5,Jakarta Barat,3586130,True,True,True,Jakarta Barat,Spigen Official,https://inbox.tokopedia.com/reputation/v1/badge/shop/3586130,2020-07-02,Samsung A51
52,65,Handphone & Tablet,10,745628001,Samsung A51 / A71 Soft Case Silicone Back Cover,,Rp30.000,30000,5,Jakarta Pusat,3871322,True,False,True,Jakarta Pusat,factory acc,https://inbox.tokopedia.com/reputation/v1/badge/shop/3871322,2020-07-02,Samsung A51
53,65,Handphone & Tablet,6,699624049,TEMPERED GLASS 5D SAMSUNG A51 FULL COVER,,Rp5.500,5500,5,Jakarta Pusat,6782442,True,False,True,Jakarta Pusat,BintangAccGrosir,https://inbox.tokopedia.com/reputation/v1/badge/shop/6782442,2020-07-02,Samsung A51
54,65,Handphone & Tablet,21,683875947,Case Samsung A51 Borderless Slim Fit Premim Hardcase,,Rp35.000,35000,5,Jakarta Selatan,1305690,True,False,True,Jakarta Selatan,Ghamastro,https://inbox.tokopedia.com/reputation/v1/badge/shop/1305690,2020-07-02,Samsung A51
55,65,Handphone & Tablet,58,809586346,Samsung galaxy A51 2020 Flip Case Caseme Cover Leather Wallet Dompet,,Rp95.000,95000,5,Jakarta Utara,2496110,True,False,True,Jakarta Utara,Vinvend ACC,https://inbox.tokopedia.com/reputation/v1/badge/shop/2496110,2020-07-02,Samsung A51
56,65,Handphone & Tablet,21,662624587,Mr.Acc Tempered Glass Samsung A51 / Anti Gores Kaca Samsung A51 2020,,Rp5.000,5000,5,Jakarta Utara,2488772,True,False,True,Jakarta Utara,BenuaCell,https://inbox.tokopedia.com/reputation/v1/badge/shop/2488772,2020-07-02,Samsung A51
57,65,Handphone & Tablet,18,664444008,Armor Carbon TPU Case Samsung Galaxy A51 - Casing Black Soft Original,Rp65.000,Rp64.350,64350,5,Bandung,92398,True,True,True,Bandung,Logay Accessories,https://inbox.tokopedia.com/reputation/v1/badge/shop/92398,2020-07-02,Samsung A51
58,65,Handphone & Tablet,12,701427432,Case Samsung Galaxy A51 / A71 Ringke FUSION X Anti Crack Tough Casing,,Rp215.000,215000,5,Surabaya,2050730,True,False,True,Surabaya,Unicase Surabaya,https://inbox.tokopedia.com/reputation/v1/badge/shop/2050730,2020-07-02,Samsung A51
59,65,Handphone & Tablet,15,796281370,Samsung Galaxy A51 Case Autofocus Invisible Iring SoftCase,,Rp34.500,34500,5,Jakarta Selatan,818356,True,False,True,Jakarta Selatan,Tamam Gokil,https://inbox.tokopedia.com/reputation/v1/badge/shop/818356,2020-07-02,Samsung A51
